Date,Max.TemperatureF,Mean.TemperatureF,Min.TemperatureF,PrecipitationIn,,
12/31/15,57,50,42,0.00,,
12/30/15,52,50,47,0.04,,
12/29/15,55,49,43,0.65,,
12/28/15,53,47,40,0.18,,
12/27/15,69,59,49,0.01,,
12/26/15,60,55,50,0.06,,
12/25/15,71,65,58,1.08,,
12/24/15,71,66,61,0.05,,
12/23/15,68,62,55,2.01,,
12/22/15,59,55,50,0.11,,
12/21/15,58,45,32,0.00,,
12/20/15,47,34,21,0.00,,
12/19/15,42,34,26,0.00,,
12/18/15,51,43,34,0.00,,
12/17/15,52,45,37,0.51,,
12/16/15,55,45,35,0.00,,
12/15/15,67,53,39,0.01,,
12/14/15,71,62,52,0.13,,
12/13/15,72,61,49,0.00,,
12/12/15,71,56,40,0.00,,
12/11/15,64,50,36,0.00,,
12/10/15,61,49,36,0.00,,
12/9/15,53,42,31,0.00,,
12/8/15,52,41,29,0.00,,
12/7/15,58,43,28,0.00,,
12/6/15,55,40,24,0.00,,
12/5/15,52,40,27,0.00,,
12/4/15,51,41,31,0.00,,
12/3/15,52,45,37,0.00,,
12/2/15,57,52,47,0.20,,
12/1/15,51,48,44,0.81,,
11/30/15,44,41,38,0.07,,
11/29/15,54,48,42,0.32,,
11/28/15,66,56,46,0.00,,
11/27/15,68,52,36,0.00,,
11/26/15,63,47,31,0.00,,
11/25/15,55,43,30,0.00,,
11/24/15,54,42,30,0.00,,
11/23/15,41,35,28,0.00,,
11/22/15,49,42,35,0.00,,
11/21/15,52,41,30,0.00,,
11/20/15,57,45,33,0.00,,
11/19/15,63,59,54,0.62,,
11/18/15,63,54,45,0.00,,
11/17/15,58,49,40,0.00,,
11/16/15,70,56,42,0.00,,
11/15/15,64,48,31,0.00,,
11/14/15,54,44,34,0.00,,
11/13/15,59,53,46,0.00,,
11/12/15,64,55,45,0.07,,
11/11/15,64,56,47,0.00,,
11/10/15,61,56,50,0.53,,
11/9/15,53,43,32,0.52,,
11/8/15,58,48,37,0.00,,
11/7/15,68,60,52,0.11,,
11/6/15,80,72,63,0.02,,
11/5/15,67,62,56,0.13,,
11/4/15,74,58,41,0.00,,
11/3/15,73,56,38,0.00,,
11/2/15,64,55,45,0.00,,
11/1/15,67,60,52,0.02,,
10/31/15,59,47,34,0.00,,
10/30/15,59,49,38,0.00,,
10/29/15,70,59,47,0.07,,
10/28/15,70,62,54,0.63,,
10/27/15,59,47,35,0.00,,
10/26/15,60,49,37,0.00,,
10/25/15,72,62,51,0.01,,
10/24/15,59,49,39,0.00,,
10/23/15,67,55,42,0.00,,
10/22/15,78,60,42,0.00,,
10/21/15,74,58,41,0.00,,
10/20/15,71,54,37,0.00,,
10/19/15,56,43,29,0.00,,
10/18/15,52,43,33,0.00,,
10/17/15,57,48,38,0.00,,
10/16/15,65,54,43,0.00,,
10/15/15,66,56,45,0.00,,
10/14/15,68,58,48,0.00,,
10/13/15,78,64,50,0.00,,
10/12/15,75,60,44,0.00,,
10/11/15,70,55,40,0.00,,
10/10/15,64,54,44,0.00,,
10/9/15,79,70,60,0.64,,
10/8/15,77,64,51,0.00,,
10/7/15,76,65,54,0.00,,
10/6/15,76,60,44,0.00,,
10/5/15,67,57,47,0.00,,
10/4/15,58,56,53,0.00,,
10/3/15,57,53,48,0.52,,
10/2/15,56,52,48,0.96,,
10/1/15,61,59,56,0.57,,
9/30/15,76,69,61,0.12,,
9/29/15,79,74,68,2.58,,
9/28/15,80,72,64,0.01,,
9/27/15,75,68,60,0.00,,
9/26/15,73,68,62,0.00,,
9/25/15,74,69,63,0.00,,
9/24/15,80,66,52,0.00,,
9/23/15,79,68,57,0.00,,
9/22/15,72,66,59,0.00,,
9/21/15,69,65,61,0.07,,
9/20/15,79,72,64,0.00,,
9/19/15,85,72,59,0.00,,
9/18/15,85,71,56,0.00,,
9/17/15,86,71,55,0.00,,
9/16/15,86,70,53,0.00,,
9/15/15,83,67,51,0.00,,
9/14/15,78,65,51,0.00,,
9/13/15,73,64,54,0.00,,
9/12/15,74,66,58,0.47,,
9/11/15,85,73,61,0.00,,
9/10/15,83,75,67,0.00,,
9/9/15,94,83,72,0.00,,
9/8/15,93,81,68,0.00,,
9/7/15,90,75,60,0.00,,
9/6/15,84,73,61,0.00,,
9/5/15,84,77,69,0.00,,
9/4/15,90,81,71,0.00,,
9/3/15,94,81,68,0.00,,
9/2/15,92,81,69,0.00,,
9/1/15,94,81,68,0.00,,
8/31/15,88,81,73,0.00,,
8/30/15,86,75,64,0.00,,
8/29/15,86,73,59,0.00,,
8/28/15,83,70,56,0.00,,
8/27/15,80,69,57,0.00,,
8/26/15,79,70,60,0.00,,
8/25/15,83,74,64,0.00,,
8/24/15,89,78,67,0.52,,
8/23/15,85,71,57,0.00,,
8/22/15,83,71,59,0.00,,
8/21/15,84,75,66,0.00,,
8/20/15,86,79,71,0.49,,
8/19/15,89,81,73,0.00,,
8/18/15,88,78,67,0.00,,
8/17/15,95,82,68,0.41,,
8/16/15,92,77,62,0.00,,
8/15/15,89,75,61,0.00,,
8/14/15,88,73,57,0.00,,
8/13/15,83,72,61,0.00,,
8/12/15,85,75,64,0.00,,
8/11/15,89,80,71,0.29,,
8/10/15,77,73,68,0.21,,
8/9/15,86,75,64,0.00,,
8/8/15,83,73,63,0.00,,
8/7/15,81,75,68,0.00,,
8/6/15,80,73,66,0.02,,
8/5/15,88,77,65,0.00,,
8/4/15,91,79,67,0.52,,
8/3/15,91,78,64,0.00,,
8/2/15,89,77,64,0.00,,
8/1/15,90,77,64,0.00,,
7/31/15,90,77,64,0.00,,
7/30/15,90,82,73,1.28,,
7/29/15,88,79,69,0.12,,
7/28/15,91,82,72,0.00,,
7/27/15,86,79,71,0.15,,
7/26/15,90,79,67,0.00,,
7/25/15,87,75,63,0.00,,
7/24/15,88,73,58,0.00,,
7/23/15,85,74,62,0.00,,
7/22/15,88,76,63,0.00,,
7/21/15,91,82,72,0.00,,
7/20/15,95,86,76,0.00,,
7/19/15,97,86,74,0.00,,
7/18/15,89,81,73,0.08,,
7/17/15,80,71,62,0.00,,
7/16/15,82,72,62,0.00,,
7/15/15,86,77,68,0.00,,
7/14/15,88,81,73,0.00,,
7/13/15,83,75,66,0.05,,
7/12/15,85,73,61,0.00,,
7/11/15,87,76,65,0.02,,
7/10/15,84,77,70,0.00,,
7/9/15,89,82,74,0.05,,
7/8/15,88,81,74,0.00,,
7/7/15,89,80,70,0.00,,
7/6/15,85,79,72,0.67,,
7/5/15,83,74,64,0.00,,
7/4/15,76,71,66,0.27,,
7/3/15,81,71,61,0.00,,
7/2/15,75,70,64,0.18,,
7/1/15,85,76,66,0.62,,
6/30/15,87,75,63,0.00,,
6/29/15,82,71,59,0.00,,
6/28/15,77,70,63,0.00,,
6/27/15,70,67,64,3.11,,
6/26/15,78,72,66,0.00,,
6/25/15,82,72,62,0.41,,
6/24/15,83,74,65,0.00,,
6/23/15,94,83,71,1.30,,
6/22/15,89,80,71,0.00,,
6/21/15,90,81,72,0.09,,
6/20/15,87,79,71,1.76,,
6/19/15,85,78,70,0.06,,
6/18/15,85,77,69,0.88,,
6/17/15,85,77,68,0.47,,
6/16/15,93,83,72,0.00,,
6/15/15,89,82,74,0.10,,
6/14/15,91,82,73,0.04,,
6/13/15,89,81,73,0.00,,
6/12/15,94,83,71,0.00,,
6/11/15,93,79,65,0.00,,
6/10/15,84,73,61,0.00,,
6/9/15,84,75,66,0.00,,
6/8/15,87,74,60,1.30,,
6/7/15,75,70,64,0.00,,
6/6/15,80,71,61,0.00,,
6/5/15,74,65,55,0.14,,
6/4/15,64,60,56,0.15,,
6/3/15,62,59,55,0.07,,
6/2/15,67,62,56,0.55,,
6/1/15,86,77,67,2.50,,
5/31/15,90,80,69,0.02,,
5/30/15,88,79,69,0.00,,
5/29/15,84,77,70,0.00,,
5/28/15,91,78,65,0.00,,
5/27/15,88,79,69,0.00,,
5/26/15,87,75,62,0.00,,
5/25/15,84,71,58,0.00,,
5/24/15,82,65,47,0.00,,
5/23/15,72,59,46,0.00,,
5/22/15,75,61,47,0.00,,
5/21/15,58,54,49,0.20,,
5/20/15,72,65,57,0.00,,
5/19/15,86,77,67,0.15,,
5/18/15,88,77,66,1.54,,
5/17/15,87,77,67,0.00,,
5/16/15,88,72,56,0.17,,
5/15/15,76,65,53,0.00,,
5/14/15,72,60,47,0.00,,
5/13/15,69,62,54,0.00,,
5/12/15,89,76,63,0.00,,
5/11/15,82,73,64,0.00,,
5/10/15,84,74,63,0.00,,
5/9/15,81,70,58,0.01,,
5/8/15,83,70,56,0.00,,
5/7/15,80,69,57,0.00,,
5/6/15,80,70,60,0.00,,
5/5/15,85,73,61,0.01,,
5/4/15,84,67,50,0.00,,
5/3/15,81,64,46,0.00,,
5/2/15,75,59,43,0.00,,
5/1/15,57,53,48,0.00,,
4/30/15,72,61,49,0.33,,
4/29/15,76,60,43,0.00,,
4/28/15,70,58,46,0.00,,
4/27/15,59,49,38,0.00,,
4/26/15,65,53,41,0.00,,
4/25/15,52,43,33,0.18,,
4/24/15,58,48,38,0.00,,
4/23/15,55,46,37,0.00,,
4/22/15,71,57,42,0.02,,
4/21/15,65,56,46,0.10,,
4/20/15,79,66,52,1.35,,
4/19/15,66,59,51,0.14,,
4/18/15,80,67,53,0.00,,
4/17/15,78,67,55,0.25,,
4/16/15,69,58,46,0.02,,
4/15/15,67,56,45,0.00,,
4/14/15,63,57,50,0.36,,
4/13/15,77,60,42,0.00,,
4/12/15,67,50,33,0.00,,
4/11/15,64,54,44,0.00,,
4/10/15,60,51,41,0.03,,
4/9/15,45,43,41,0.58,,
4/8/15,47,44,41,0.72,,
4/7/15,70,59,47,0.12,,
4/6/15,76,56,36,0.00,,
4/5/15,65,51,36,0.00,,
4/4/15,68,53,38,0.01,,
4/3/15,70,65,60,0.09,,
4/2/15,70,53,36,0.00,,
4/1/15,58,45,31,0.00,,
3/31/15,68,53,38,0.03,,
3/30/15,61,49,37,0.02,,
3/29/15,46,34,21,0.00,,
3/28/15,39,33,27,0.00,,
3/27/15,50,45,39,0.43,,
3/26/15,74,57,40,0.20,,
3/25/15,48,36,24,0.01,,
3/24/15,41,34,27,0.00,,
3/23/15,47,39,30,0.00,,
3/22/15,52,43,33,0.00,,
3/21/15,59,45,30,0.00,,
3/20/15,39,36,32,0.69,,
3/19/15,51,39,27,0.00,,
3/18/15,48,38,28,0.00,,
3/17/15,70,53,36,0.00,,
3/16/15,62,45,28,0.00,,
3/15/15,53,46,38,0.00,,
3/14/15,54,47,40,0.72,,
3/13/15,48,38,28,0.04,,
3/12/15,56,45,33,0.00,,
3/11/15,63,53,43,0.00,,
3/10/15,49,40,30,0.50,,
3/9/15,61,46,30,0.00,,
3/8/15,53,41,28,0.00,,
3/7/15,45,26,6,0.00,,
3/6/15,28,19,10,0.00,,
3/5/15,36,30,23,0.12,,
3/4/15,45,41,36,0.41,,
3/3/15,36,30,23,0.12,,
3/2/15,40,33,26,0.00,,
3/1/15,32,24,16,0.61,,
2/28/15,31,23,14,0.00,,
2/27/15,31,26,20,0.00,,
2/26/15,35,31,26,0.11,,
2/25/15,38,24,10,0.00,,
2/24/15,25,14,3,0.00,,
2/23/15,38,26,13,0.00,,
2/22/15,48,40,32,0.13,,
2/21/15,33,18,2,0.92,,
2/20/15,18,10,1,0.00,,
2/19/15,18,12,6,0.00,,
2/18/15,31,18,4,0.00,,
2/17/15,27,20,12,0.18,,
2/16/15,18,12,5,0.19,,
2/15/15,18,12,6,0.00,,
2/14/15,38,26,13,0.21,,
2/13/15,27,20,12,0.00,,
2/12/15,41,29,17,0.00,,
2/11/15,43,34,25,0.00,,
2/10/15,39,34,28,0.07,,
2/9/15,41,36,31,0.08,,
2/8/15,55,43,30,0.00,,
2/7/15,46,33,19,0.00,,
2/6/15,33,22,10,0.00,,
2/5/15,41,29,17,0.00,,
2/4/15,51,36,20,0.00,,
2/3/15,34,27,20,0.00,,
2/2/15,45,34,22,0.28,,
2/1/15,39,29,18,0.07,,
1/31/15,31,24,16,0.00,,
1/30/15,42,31,20,0.00,,
1/29/15,35,26,17,0.07,,
1/28/15,36,28,19,0.00,,
1/27/15,36,31,26,0.01,,
1/26/15,40,33,26,0.13,,
1/25/15,49,42,34,0.00,,
1/24/15,40,37,33,0.62,,
1/23/15,41,33,24,0.44,,
1/22/15,46,38,30,0.00,,
1/21/15,34,30,26,0.16,,
1/20/15,46,36,25,0.00,,
1/19/15,46,37,27,0.00,,
1/18/15,41,34,26,0.75,,
1/17/15,34,28,22,0.00,,
1/16/15,44,35,26,0.00,,
1/15/15,40,33,26,0.00,,
1/14/15,31,27,23,0.00,,
1/13/15,39,32,24,0.00,,
1/12/15,40,36,32,0.70,,
1/11/15,37,30,22,0.00,,
1/10/15,25,18,10,0.00,,
1/9/15,37,30,22,0.00,,
1/8/15,22,14,6,0.00,,
1/7/15,24,18,11,0.00,,
1/6/15,28,21,14,0.22,,
1/5/15,47,36,24,0.00,,
1/4/15,62,51,39,0.21,,
1/3/15,39,33,26,0.58,,
1/2/15,46,36,26,0.00,,
1/1/15,43,30,17,0.00,,
12/31/14,35,28,20,0.00,,
12/30/14,42,34,25,0.00,,
12/29/14,45,41,36,0.03,,
12/28/14,60,48,35,0.04,,
12/27/14,58,43,28,0.00,,
12/26/14,53,41,28,0.00,,
12/25/14,61,48,35,0.08,,
12/24/14,61,54,46,0.85,,
12/23/14,49,45,40,0.08,,
12/22/14,40,32,23,0.22,,
12/21/14,42,35,27,0.00,,
12/20/14,38,31,24,0.00,,
12/19/14,42,35,28,0.00,,
12/18/14,40,36,32,0.00,,
12/17/14,54,45,35,0.00,,
12/16/14,46,40,33,0.34,,
12/15/14,53,45,37,0.00,,
12/14/14,52,41,29,0.00,,
12/13/14,44,36,27,0.00,,
12/12/14,42,37,31,0.00,,
12/11/14,38,35,31,0.02,,
12/10/14,49,43,37,0.00,,
12/9/14,45,39,33,0.73,,
12/8/14,35,33,30,0.01,,
12/7/14,47,41,35,0.00,,
12/6/14,49,45,40,0.52,,
12/5/14,41,40,39,0.01,,
12/4/14,45,37,28,0.00,,
12/3/14,50,43,36,0.03,,
12/2/14,43,39,34,0.55,,
12/1/14,69,56,43,0.07,,
11/30/14,63,51,38,0.00,,
11/29/14,44,35,25,0.00,,
11/28/14,39,32,24,0.00,,
11/27/14,46,40,33,0.00,,
11/26/14,48,41,33,1.19,,
11/25/14,66,54,42,0.00,,
11/24/14,72,60,48,0.31,,
11/23/14,55,45,34,0.06,,
11/22/14,48,33,18,0.00,,
11/21/14,37,29,21,0.00,,
11/20/14,52,42,31,0.00,,
11/19/14,36,28,19,0.00,,
11/18/14,39,31,23,0.00,,
11/17/14,49,44,38,0.98,,
11/16/14,45,37,28,0.07,,
11/15/14,44,35,25,0.00,,
11/14/14,42,36,29,0.00,,
11/13/14,46,41,35,0.04,,
11/12/14,67,54,41,0.00,,
11/11/14,66,51,35,0.00,,
11/10/14,61,47,33,0.00,,
11/9/14,58,47,36,0.00,,
11/8/14,50,40,30,0.00,,
11/7/14,56,46,36,0.00,,
11/6/14,60,53,46,0.54,,
11/5/14,68,60,52,0.06,,
11/4/14,69,54,38,0.00,,
11/3/14,59,49,38,0.00,,
11/2/14,51,46,41,0.00,,
11/1/14,52,49,45,0.11,,
10/31/14,57,52,46,0.00,,
10/30/14,60,51,42,0.00,,
10/29/14,69,57,44,0.05,,
10/28/14,80,64,47,0.00,,
10/27/14,71,55,39,0.00,,
10/26/14,69,56,42,0.00,,
10/25/14,71,57,43,0.00,,
10/24/14,68,58,48,0.00,,
10/23/14,63,58,52,0.00,,
10/22/14,55,54,52,0.95,,
10/21/14,70,58,46,0.72,,
10/20/14,66,51,35,0.00,,
10/19/14,59,49,38,0.00,,
10/18/14,72,61,50,0.00,,
10/17/14,72,62,51,0.00,,
10/16/14,64,61,57,0.00,,
10/15/14,76,69,61,1.23,,
10/14/14,78,71,63,0.00,,
10/13/14,64,61,58,0.04,,
10/12/14,62,54,46,0.00,,
10/11/14,57,55,52,0.43,,
10/10/14,61,57,53,0.00,,
10/9/14,70,58,45,0.00,,
10/8/14,76,64,52,0.00,,
10/7/14,69,64,58,0.54,,
10/6/14,73,56,39,0.00,,
10/5/14,62,49,36,0.00,,
10/4/14,69,56,43,0.08,,
10/3/14,70,63,56,0.12,,
10/2/14,72,64,56,0.00,,
10/1/14,74,67,60,0.00,,
9/30/14,77,71,64,0.89,,
9/29/14,70,65,59,0.01,,
9/28/14,81,68,54,0.00,,
9/27/14,71,59,47,0.03,,
9/26/14,76,64,52,0.00,,
9/25/14,65,62,59,1.33,,
9/24/14,71,59,47,0.03,,
9/23/14,72,58,44,0.00,,
9/22/14,73,63,52,0.00,,
9/21/14,84,70,55,0.00,,
9/20/14,80,70,60,0.00,,
9/19/14,75,63,51,0.00,,
9/18/14,72,62,52,0.01,,
9/17/14,74,63,51,0.00,,
9/16/14,76,65,53,0.00,,
9/15/14,72,62,51,0.00,,
9/14/14,70,60,49,0.00,,
9/13/14,68,62,55,0.15,,
9/12/14,77,70,63,0.00,,
9/11/14,89,79,68,0.00,,
9/10/14,79,73,67,0.00,,
9/9/14,77,72,66,0.00,,
9/8/14,74,69,63,0.00,,
9/7/14,81,73,65,0.00,,
9/6/14,93,82,71,0.65,,
9/5/14,91,81,71,0.00,,
9/4/14,86,76,65,0.00,,
9/3/14,84,76,67,0.00,,
9/2/14,92,82,72,0.06,,
9/1/14,89,81,73,0.08,,
8/31/14,92,83,73,0.54,,
8/30/14,83,73,62,0.00,,
8/29/14,78,67,55,0.00,,
8/28/14,84,73,62,0.00,,
8/27/14,89,75,60,0.00,,
8/26/14,86,73,60,0.00,,
8/25/14,81,70,59,0.00,,
8/24/14,79,72,64,0.00,,
8/23/14,72,70,67,0.21,,
8/22/14,78,73,67,0.00,,
8/21/14,87,76,64,0.01,,
8/20/14,84,74,64,0.01,,
8/19/14,82,75,68,0.00,,
8/18/14,80,72,64,0.00,,
8/17/14,87,75,62,0.00,,
8/16/14,82,69,55,0.00,,
8/15/14,78,66,54,0.00,,
8/14/14,81,70,58,0.00,,
8/13/14,82,73,63,0.00,,
8/12/14,76,72,67,6.30,,
8/11/14,83,72,61,0.01,,
8/10/14,86,75,63,0.00,,
8/9/14,84,72,60,0.00,,
8/8/14,84,72,59,0.00,,
8/7/14,84,74,64,0.00,,
8/6/14,82,73,64,0.00,,
8/5/14,89,76,63,0.00,,
8/4/14,84,73,61,0.00,,
8/3/14,79,72,65,0.53,,
8/2/14,79,72,65,0.20,,
8/1/14,81,74,66,0.09,,
7/31/14,87,73,59,0.00,,
7/30/14,81,68,55,0.00,,
7/29/14,76,68,59,0.00,,
7/28/14,86,76,65,0.00,,
7/27/14,89,81,72,0.08,,
7/26/14,88,76,63,0.03,,
7/25/14,83,70,57,0.00,,
7/24/14,81,71,61,0.00,,
7/23/14,94,82,70,0.12,,
7/22/14,85,77,69,0.00,,
7/21/14,83,76,69,0.00,,
7/20/14,81,76,70,0.00,,
7/19/14,80,73,66,0.00,,
7/18/14,83,70,57,0.00,,
7/17/14,81,71,61,0.00,,
7/16/14,81,73,64,0.00,,
7/15/14,88,80,71,0.84,,
7/14/14,89,80,71,0.23,,
7/13/14,92,81,70,0.35,,
7/12/14,87,77,67,0.00,,
7/11/14,86,75,64,0.00,,
7/10/14,84,76,68,0.00,,
7/9/14,88,79,70,0.00,,
7/8/14,93,81,69,0.19,,
7/7/14,91,82,72,0.00,,
7/6/14,86,72,58,0.00,,
7/5/14,82,69,55,0.00,,
7/4/14,80,72,63,0.13,,
7/3/14,89,81,72,0.35,,
7/2/14,93,83,73,0.48,,
7/1/14,91,81,71,0.00,,
6/30/14,86,78,69,0.00,,
6/29/14,83,72,61,0.00,,
6/28/14,83,72,61,0.00,,
6/27/14,81,74,66,0.00,,
6/26/14,87,79,70,0.00,,
6/25/14,88,80,71,0.79,,
6/24/14,84,75,65,0.00,,
6/23/14,82,72,61,0.00,,
6/22/14,80,73,66,0.00,,
6/21/14,72,69,66,0.00,,
6/20/14,83,74,64,0.00,,
6/19/14,83,76,68,1.50,,
6/18/14,96,85,73,0.17,,
6/17/14,94,81,68,0.00,,
6/16/14,90,75,59,0.00,,
6/15/14,83,67,51,0.00,,
6/14/14,75,68,60,0.00,,
6/13/14,83,75,66,0.03,,
6/12/14,76,72,68,0.27,,
6/11/14,82,75,68,0.12,,
6/10/14,84,77,70,0.36,,
6/9/14,81,74,67,0.17,,
6/8/14,83,71,58,0.00,,
6/7/14,85,70,55,0.00,,
6/6/14,78,68,57,0.00,,
6/5/14,79,71,62,0.21,,
6/4/14,87,76,65,0.14,,
6/3/14,87,75,62,0.19,,
6/2/14,80,67,53,0.00,,
6/1/14,75,63,50,0.00,,
5/31/14,78,67,56,0.00,,
5/30/14,75,66,56,0.01,,
5/29/14,57,56,54,0.29,,
5/28/14,83,70,57,0.07,,
5/27/14,90,77,63,0.30,,
5/26/14,86,72,57,0.00,,
5/25/14,82,68,53,0.00,,
5/24/14,76,63,50,0.00,,
5/23/14,77,66,54,0.00,,
5/22/14,84,74,63,0.12,,
5/21/14,73,66,59,0.08,,
5/20/14,78,64,49,0.00,,
5/19/14,73,59,44,0.00,,
5/18/14,67,58,49,0.00,,
5/17/14,67,58,48,0.00,,
5/16/14,72,64,56,1.71,,
5/15/14,80,71,62,0.01,,
5/14/14,65,61,57,0.00,,
5/13/14,86,72,58,0.00,,
5/12/14,86,70,54,0.00,,
5/11/14,80,68,56,0.00,,
5/10/14,80,71,61,0.29,,
5/9/14,69,64,58,0.00,,
5/8/14,85,71,56,0.00,,
5/7/14,61,56,51,0.17,,
5/6/14,73,62,51,0.00,,
5/5/14,66,55,43,0.00,,
5/4/14,75,59,43,0.00,,
5/3/14,72,62,51,0.03,,
5/2/14,70,60,49,0.00,,
5/1/14,79,69,58,0.27,,
4/30/14,65,57,48,3.06,,
4/29/14,50,49,47,1.24,,
4/28/14,60,54,48,0.32,,
4/27/14,66,55,44,0.00,,
4/26/14,76,63,49,0.00,,
4/25/14,65,52,38,0.63,,
4/24/14,64,50,36,0.00,,
4/23/14,60,51,41,0.00,,
4/22/14,76,62,47,0.26,,
4/21/14,67,51,34,0.00,,
4/20/14,61,52,43,0.00,,
4/19/14,68,54,39,0.00,,
4/18/14,52,45,37,0.00,,
4/17/14,52,41,30,0.00,,
4/16/14,49,40,31,0.00,,
4/15/14,67,51,35,2.42,,
4/14/14,78,70,62,0.00,,
4/13/14,83,66,49,0.00,,
4/12/14,73,61,49,0.00,,
4/11/14,80,66,51,0.00,,
4/10/14,70,53,35,0.00,,
4/9/14,66,51,36,0.00,,
4/8/14,64,58,51,0.07,,
4/7/14,53,46,38,0.45,,
4/6/14,59,46,33,0.00,,
4/5/14,57,50,42,0.00,,
4/4/14,54,50,46,0.12,,
4/3/14,63,56,48,0.03,,
4/2/14,62,51,40,0.00,,
4/1/14,62,50,38,0.00,,
3/31/14,65,52,39,0.00,,
3/30/14,56,45,33,1.40,,
3/29/14,60,55,50,0.99,,
3/28/14,66,51,35,0.05,,
3/27/14,44,32,20,0.00,,
3/26/14,36,31,25,0.00,,
3/25/14,35,30,24,0.16,,
3/24/14,39,31,22,0.00,,
3/23/14,48,40,32,0.00,,
3/22/14,69,52,34,0.00,,
3/21/14,53,42,31,0.07,,
3/20/14,56,47,38,0.00,,
3/19/14,42,39,35,0.23,,
3/18/14,41,36,30,0.00,,
3/17/14,31,28,24,0.27,,
3/16/14,45,36,26,0.19,,
3/15/14,66,53,39,0.00,,
3/14/14,55,39,22,0.00,,
3/13/14,33,26,19,0.00,,
3/12/14,67,49,31,0.10,,
3/11/14,67,54,41,0.00,,
3/10/14,60,49,37,0.00,,
3/9/14,49,43,36,0.00,,
3/8/14,62,44,26,0.00,,
3/7/14,42,36,29,0.00,,
3/6/14,31,27,22,0.00,,
3/5/14,44,30,15,0.00,,
3/4/14,29,17,4,0.00,,
3/3/14,34,20,5,0.63,,
3/2/14,45,38,31,0.29,,
3/1/14,44,29,14,0.00,,
2/28/14,27,19,11,0.00,,
2/27/14,38,26,14,0.00,,
2/26/14,36,28,20,0.04,,
2/25/14,35,29,23,0.06,,
2/24/14,44,35,25,0.01,,
2/23/14,60,52,43,0.00,,
2/22/14,61,44,27,0.00,,
2/21/14,63,48,32,0.36,,
2/20/14,52,40,28,0.00,,
2/19/14,57,42,27,0.11,,
2/18/14,51,39,26,0.09,,
2/17/14,34,27,19,0.00,,
2/16/14,36,29,21,0.00,,
2/15/14,36,32,27,0.06,,
2/14/14,46,38,30,0.00,,
2/13/14,37,31,24,1.77,,
2/12/14,27,21,15,0.09,,
2/11/14,30,22,14,0.00,,
2/10/14,30,25,19,0.00,,
2/9/14,31,26,20,0.05,,
2/8/14,32,27,22,0.00,,
2/7/14,42,32,22,0.00,,
2/6/14,35,31,26,0.00,,
2/5/14,41,36,30,0.57,,
2/4/14,35,30,25,0.03,,
2/3/14,46,39,31,1.34,,
2/2/14,57,43,28,0.00,,
2/1/14,48,37,25,0.00,,
1/31/14,49,33,17,0.00,,
1/30/14,29,17,5,0.00,,
1/29/14,22,16,9,0.03,,
1/28/14,19,15,11,0.00,,
1/27/14,47,33,19,0.00,,
1/26/14,30,22,13,0.00,,
1/25/14,31,25,19,0.00,,
1/24/14,20,13,6,0.00,,
1/23/14,24,14,3,0.00,,
1/22/14,15,10,4,0.00,,
1/21/14,39,27,14,0.42,,
1/20/14,53,43,33,0.00,,
1/19/14,47,34,20,0.00,,
1/18/14,35,28,20,0.00,,
1/17/14,44,34,25,0.00,,
1/16/14,40,33,25,0.00,,
1/15/14,45,39,32,0.00,,
1/14/14,53,45,36,0.28,,
1/13/14,58,42,25,0.00,,
1/12/14,51,40,29,0.00,,
1/11/14,57,46,35,0.75,,
1/10/14,37,33,29,0.53,,
1/9/14,36,31,25,0.00,,
1/8/14,29,18,6,0.00,,
1/7/14,16,10,3,0.00,,
1/6/14,45,27,8,0.15,,
1/5/14,37,27,17,0.11,,
1/4/14,32,19,6,0.00,,
1/3/14,27,18,9,0.05,,
1/2/14,36,32,28,0.39,,
1/1/14,44,34,23,0.00,,
12/31/13,43,34,25,0.00,,
12/30/13,47,40,32,0.00,,
12/29/13,47,43,39,1.09,,
12/28/13,58,43,28,0.00,,
12/27/13,49,36,22,0.00,,
12/26/13,44,32,19,0.00,,
12/25/13,32,25,18,0.00,,
12/24/13,40,32,23,0.00,,
12/23/13,63,51,38,0.86,,
12/22/13,71,67,62,0.24,,
12/21/13,71,63,54,0.00,,
12/20/13,59,52,45,0.00,,
12/19/13,58,40,22,0.00,,
12/18/13,40,32,24,0.00,,
12/17/13,37,34,31,0.01,,
12/16/13,37,34,30,0.00,,
12/15/13,46,39,32,0.00,,
12/14/13,38,34,30,0.61,,
12/13/13,41,32,22,0.00,,
12/12/13,31,27,22,0.00,,
12/11/13,38,30,22,0.00,,
12/10/13,36,34,31,0.31,,
12/9/13,37,34,31,0.52,,
12/8/13,31,29,27,0.56,,
12/7/13,43,37,31,0.17,,
12/6/13,65,52,38,0.90,,
12/5/13,66,58,49,0.00,,
12/4/13,51,43,35,0.00,,
12/3/13,56,46,36,0.00,,
12/2/13,49,44,39,0.00,,
12/1/13,49,37,24,0.00,,
11/30/13,37,31,25,0.00,,
11/29/13,42,32,22,0.00,,
11/28/13,38,31,24,0.00,,
11/27/13,49,40,30,0.66,,
11/26/13,49,40,31,1.61,,
11/25/13,36,28,19,0.00,,
11/24/13,32,27,22,0.00,,
11/23/13,57,44,31,0.00,,
11/22/13,60,53,45,0.01,,
11/21/13,49,38,27,0.00,,
11/20/13,44,37,29,0.00,,
11/19/13,50,44,37,0.00,,
11/18/13,68,59,50,0.11,,
11/17/13,64,57,50,0.04,,
11/16/13,52,48,44,0.15,,
11/15/13,60,44,27,0.02,,
11/14/13,58,42,25,0.00,,
11/13/13,44,35,26,0.00,,
11/12/13,52,40,28,0.00,,
11/11/13,55,46,37,0.00,,
11/10/13,61,50,39,0.00,,
11/9/13,53,41,29,0.00,,
11/8/13,53,43,32,0.00,,
11/7/13,61,52,43,0.05,,
11/6/13,68,57,45,0.00,,
11/5/13,57,46,35,0.00,,
11/4/13,46,39,32,0.00,,
11/3/13,56,48,39,0.00,,
11/2/13,68,57,45,0.00,,
11/1/13,73,64,54,0.17,,
10/31/13,69,61,53,0.01,,
10/30/13,65,55,44,0.11,,
10/29/13,62,50,38,0.00,,
10/28/13,65,49,33,0.00,,
10/27/13,60,48,35,0.00,,
10/26/13,56,43,30,0.00,,
10/25/13,56,46,36,0.00,,
10/24/13,53,45,37,0.00,,
10/23/13,58,50,42,0.00,,
10/22/13,64,53,42,0.00,,
10/21/13,67,53,38,0.00,,
10/20/13,63,53,42,0.00,,
10/19/13,65,55,44,0.00,,
10/18/13,66,56,46,0.00,,
10/17/13,75,67,58,0.07,,
10/16/13,69,64,58,0.00,,
10/15/13,71,60,49,0.00,,
10/14/13,69,60,51,0.00,,
10/13/13,65,61,57,0.10,,
10/12/13,68,64,60,0.41,,
10/11/13,64,61,57,3.66,,
10/10/13,58,56,54,2.35,,
10/9/13,60,57,53,0.07,,
10/8/13,68,58,47,0.00,,
10/7/13,75,65,54,0.84,,
10/6/13,86,76,65,0.00,,
10/5/13,90,77,64,0.00,,
10/4/13,89,74,59,0.00,,
10/3/13,83,72,60,0.00,,
10/2/13,86,73,60,0.00,,
10/1/13,83,67,51,0.00,,
9/30/13,76,63,49,0.00,,
9/29/13,73,61,49,0.00,,
9/28/13,72,64,55,0.00,,
9/27/13,73,64,55,0.00,,
9/26/13,74,64,53,0.00,,
9/25/13,78,62,46,0.00,,
9/24/13,74,59,43,0.00,,
9/23/13,67,57,47,0.00,,
9/22/13,73,63,53,0.00,,
9/21/13,79,69,58,0.95,,
9/20/13,78,65,52,0.00,,
9/19/13,77,62,47,0.00,,
9/18/13,71,58,44,0.00,,
9/17/13,68,58,47,0.00,,
9/16/13,75,67,58,0.03,,
9/15/13,76,62,47,0.00,,
9/14/13,70,61,51,0.00,,
9/13/13,80,71,61,0.00,,
9/12/13,89,80,70,0.65,,
9/11/13,95,84,73,0.00,,
9/10/13,93,82,70,0.00,,
9/9/13,78,70,61,0.00,,
9/8/13,89,77,65,0.01,,
9/7/13,82,67,51,0.00,,
9/6/13,78,67,55,0.00,,
9/5/13,85,74,62,0.00,,
9/4/13,85,71,57,0.00,,
9/3/13,86,76,65,0.00,,
9/2/13,92,82,71,0.01,,
9/1/13,91,81,70,0.00,,
8/31/13,91,81,70,0.00,,
8/30/13,88,78,68,0.00,,
8/29/13,86,78,70,0.00,,
8/28/13,84,78,71,0.01,,
8/27/13,92,83,73,0.00,,
8/26/13,89,75,61,0.00,,
8/25/13,81,69,57,0.00,,
8/24/13,83,71,59,0.00,,
8/23/13,80,70,60,0.02,,
8/22/13,91,81,71,0.00,,
8/21/13,89,79,69,0.01,,
8/20/13,90,76,62,0.00,,
8/19/13,77,69,61,0.00,,
8/18/13,73,69,65,0.02,,
8/17/13,80,68,55,0.00,,
8/16/13,78,66,53,0.00,,
8/15/13,79,66,53,0.00,,
8/14/13,76,68,60,0.00,,
8/13/13,86,79,72,0.33,,
8/12/13,90,80,69,0.00,,
8/11/13,85,77,68,0.00,,
8/10/13,85,77,69,0.01,,
8/9/13,90,83,75,0.01,,
8/8/13,86,79,71,0.08,,
8/7/13,81,75,68,0.10,,
8/6/13,72,69,65,0.13,,
8/5/13,80,68,56,0.00,,
8/4/13,83,73,62,0.00,,
8/3/13,78,72,66,0.03,,
8/2/13,87,76,65,0.00,,
8/1/13,81,74,67,0.38,,
7/31/13,82,73,63,0.00,,
7/30/13,84,72,59,0.00,,
7/29/13,84,74,64,0.00,,
7/28/13,87,79,70,0.00,,
7/27/13,85,76,66,0.05,,
7/26/13,85,75,64,0.00,,
7/25/13,79,71,62,0.00,,
7/24/13,85,78,70,0.00,,
7/23/13,87,80,72,0.06,,
7/22/13,88,81,73,0.07,,
7/21/13,92,83,73,0.00,,
7/20/13,93,84,74,0.00,,
7/19/13,96,85,74,0.38,,
7/18/13,97,86,75,0.00,,
7/17/13,96,85,74,0.00,,
7/16/13,95,85,75,0.00,,
7/15/13,95,84,72,0.00,,
7/14/13,88,80,71,0.00,,
7/13/13,84,77,69,0.31,,
7/12/13,76,72,67,0.66,,
7/11/13,87,80,72,0.22,,
7/10/13,88,81,74,0.00,,
7/9/13,83,78,73,0.00,,
7/8/13,86,78,70,0.01,,
7/7/13,91,81,71,0.11,,
7/6/13,93,84,74,0.00,,
7/5/13,89,82,74,0.00,,
7/4/13,88,81,73,0.00,,
7/3/13,86,79,72,0.59,,
7/2/13,83,78,72,0.05,,
7/1/13,83,78,73,0.26,,
6/30/13,86,80,73,0.06,,
6/29/13,87,78,68,0.00,,
6/28/13,87,79,71,0.02,,
6/27/13,85,77,69,0.66,,
6/26/13,92,80,68,0.34,,
6/25/13,93,81,68,0.06,,
6/24/13,92,81,70,0.02,,
6/23/13,83,75,66,0.04,,
6/22/13,86,74,61,0.00,,
6/21/13,82,69,56,0.00,,
6/20/13,80,69,58,0.00,,
6/19/13,78,70,61,0.00,,
6/18/13,78,71,63,0.35,,
6/17/13,88,79,69,0.00,,
6/16/13,85,74,62,0.01,,
6/15/13,83,71,58,0.00,,
6/14/13,79,70,60,0.04,,
6/13/13,86,78,69,1.30,,
6/12/13,88,77,66,0.00,,
6/11/13,83,75,67,0.00,,
6/10/13,79,74,69,1.80,,
6/9/13,80,72,63,0.00,,
6/8/13,81,73,64,0.00,,
6/7/13,71,69,66,2.25,,
6/6/13,73,67,60,0.18,,
6/5/13,78,66,53,0.00,,
6/4/13,76,67,58,0.00,,
6/3/13,81,74,66,0.44,,
6/2/13,85,77,69,0.24,,
6/1/13,91,80,69,0.00,,
5/31/13,90,78,66,0.00,,
5/30/13,92,81,69,0.00,,
5/29/13,89,77,65,0.00,,
5/28/13,77,68,58,0.15,,
5/27/13,73,60,46,0.00,,
5/26/13,72,60,47,0.00,,
5/25/13,66,55,44,0.00,,
5/24/13,65,57,49,0.03,,
5/23/13,80,73,65,0.99,,
5/22/13,87,78,69,0.01,,
5/21/13,83,75,66,0.00,,
5/20/13,80,71,62,0.00,,
5/19/13,70,65,59,0.00,,
5/18/13,67,63,59,0.02,,
5/17/13,82,69,55,0.00,,
5/16/13,81,74,67,0.00,,
5/15/13,79,67,54,0.00,,
5/14/13,63,49,34,0.00,,
5/13/13,60,49,38,0.00,,
5/12/13,64,55,45,0.00,,
5/11/13,78,71,63,0.61,,
5/10/13,83,68,52,0.62,,
5/9/13,75,63,51,0.00,,
5/8/13,71,63,55,0.17,,
5/7/13,64,61,57,0.80,,
5/6/13,62,55,47,0.03,,
5/5/13,62,54,45,0.00,,
5/4/13,67,57,46,0.00,,
5/3/13,65,55,44,0.00,,
5/2/13,67,55,43,0.00,,
5/1/13,68,58,47,0.00,,
4/30/13,61,55,49,0.22,,
4/29/13,59,56,53,0.26,,
4/28/13,68,55,41,0.00,,
4/27/13,69,54,39,0.00,,
4/26/13,66,54,41,0.00,,
4/25/13,65,56,46,0.00,,
4/24/13,73,57,41,0.00,,
4/23/13,62,54,46,0.00,,
4/22/13,55,45,35,0.00,,
4/21/13,54,47,39,0.00,,
4/20/13,59,53,46,0.07,,
4/19/13,78,65,52,0.79,,
4/18/13,74,66,57,0.04,,
4/17/13,74,66,58,0.00,,
4/16/13,74,63,51,0.00,,
4/15/13,62,57,52,0.00,,
4/14/13,67,54,40,0.00,,
4/13/13,67,54,40,0.00,,
4/12/13,62,56,50,0.67,,
4/11/13,82,68,53,0.00,,
4/10/13,91,78,64,0.00,,
4/9/13,85,73,61,0.00,,
4/8/13,78,64,50,0.00,,
4/7/13,68,53,38,0.00,,
4/6/13,54,46,37,0.00,,
4/5/13,65,52,38,0.11,,
4/4/13,50,38,25,0.04,,
4/3/13,50,39,27,0.00,,
4/2/13,48,38,28,0.00,,
4/1/13,65,51,37,0.00,,
3/31/13,54,45,36,0.04,,
3/30/13,60,47,34,0.00,,
3/29/13,56,48,40,0.00,,
3/28/13,50,43,35,0.00,,
3/27/13,50,44,37,0.00,,
3/26/13,50,40,30,0.00,,
3/25/13,36,34,32,0.82,,
3/24/13,42,35,28,0.00,,
3/23/13,52,39,26,0.00,,
3/22/13,46,37,27,0.00,,
3/21/13,40,34,28,0.00,,
3/20/13,51,41,31,0.00,,
3/19/13,58,47,36,0.00,,
3/18/13,38,37,35,0.39,,
3/17/13,41,38,34,0.00,,
3/16/13,52,45,37,0.00,,
3/15/13,55,40,25,0.00,,
3/14/13,45,38,31,0.00,,
3/13/13,50,40,29,0.00,,
3/12/13,58,49,40,0.63,,
3/11/13,57,50,43,0.01,,
3/10/13,59,44,28,0.00,,
3/9/13,62,49,35,0.00,,
3/8/13,49,41,33,0.00,,
3/7/13,49,42,35,0.00,,
3/6/13,40,37,33,0.75,,
3/5/13,48,38,27,0.00,,
3/4/13,42,35,27,0.00,,
3/3/13,39,34,29,0.00,,
3/2/13,41,36,30,0.00,,
3/1/13,45,39,33,0.00,,
2/28/13,47,43,39,0.03,,
2/27/13,56,48,40,0.07,,
2/26/13,43,35,26,0.49,,
2/25/13,48,38,27,0.00,,
2/24/13,50,41,31,0.00,,
2/23/13,46,39,32,0.12,,
2/22/13,33,31,28,0.03,,
2/21/13,38,31,23,0.00,,
2/20/13,38,31,24,0.00,,
2/19/13,45,36,26,0.09,,
2/18/13,40,30,20,0.00,,
2/17/13,32,28,24,0.00,,
2/16/13,37,35,32,0.04,,
2/15/13,59,44,29,0.09,,
2/14/13,49,40,30,0.00,,
2/13/13,44,38,31,0.31,,
2/12/13,54,46,37,0.00,,
2/11/13,54,45,36,0.41,,
2/10/13,43,31,18,0.00,,
2/9/13,40,34,27,0.00,,
2/8/13,42,38,33,0.24,,
2/7/13,38,31,24,0.00,,
2/6/13,44,36,28,0.00,,
2/5/13,38,34,29,0.00,,
2/4/13,35,28,21,0.00,,
2/3/13,34,27,20,0.00,,
2/2/13,29,23,17,0.02,,
2/1/13,31,26,20,0.01,,
1/31/13,63,46,28,0.73,,
1/30/13,70,55,39,1.22,,
1/29/13,66,52,37,0.00,,
1/28/13,41,36,30,0.17,,
1/27/13,42,33,24,0.00,,
1/26/13,34,27,20,0.00,,
1/25/13,22,17,11,0.07,,
1/24/13,26,20,14,0.08,,
1/23/13,25,19,12,0.00,,
1/22/13,29,22,15,0.00,,
1/21/13,41,35,29,0.00,,
1/20/13,58,47,35,0.00,,
1/19/13,54,41,28,0.00,,
1/18/13,38,33,27,0.00,,
1/17/13,45,41,37,0.00,,
1/16/13,40,37,34,0.49,,
1/15/13,41,38,35,0.66,,
1/14/13,58,50,41,0.15,,
1/13/13,47,44,40,0.00,,
1/12/13,57,50,42,0.00,,
1/11/13,45,39,32,0.07,,
1/10/13,53,45,36,0.00,,
1/9/13,51,39,27,0.00,,
1/8/13,52,38,23,0.00,,
1/7/13,46,37,28,0.00,,
1/6/13,50,39,28,0.00,,
1/5/13,43,37,31,0.00,,
1/4/13,42,33,23,0.00,,
1/3/13,38,30,22,0.00,,
1/2/13,37,32,26,0.00,,
1/1/13,44,39,34,0.00,,
1/1/16,44 ,38.8 ,31 ,0.00 ,,
1/2/16,47 ,35.3 ,27 ,0.00 ,,
1/3/16,52 ,37.5 ,27 ,0.00 ,,
1/4/16,36 ,29.4 ,17 ,0.00 ,,
1/5/16,33 ,21.6 ,14 ,0.00 ,,
1/6/16,40 ,26.4 ,14 ,0.00 ,,
1/7/16,42 ,37.1 ,27 ,0.00 ,,
1/8/16,43 ,40.3 ,38 ,0.01 ,,
1/9/16,50 ,45.6 ,41 ,0.01 ,,
1/10/16,62 ,53.1 ,37 ,1.00 ,,
1/11/16,37 ,30.2 ,23 ,0.03 ,,
1/12/16,45 ,33.0 ,22 ,0.00 ,,
1/13/16,28 ,23.6 ,19 ,0.00 ,,
1/14/16,51 ,36.1 ,22 ,0.00 ,,
1/15/16,50 ,41.8 ,30 ,0.00 ,,
1/16/16,55 ,44.0 ,35 ,0.27 ,,
1/17/16,37 ,33.3 ,28 ,0.00 ,,
1/18/16,31 ,20.6 ,15 ,0.05 ,,
1/19/16,26 ,19.3 ,14 ,0.00 ,,
1/20/16,29 ,23.7 ,16 ,0.00 ,,
1/21/16,33 ,25.9 ,19 ,0.01 ,,
1/22/16,28 ,23.1 ,19 ,0.00 ,,
1/23/16,28 ,25.4 ,22 ,1.37 ,,
1/24/16,33 ,25.1 ,16 ,0.77 ,,
1/25/16,37 ,23.9 ,9 ,0.00 ,,
1/26/16,52 ,37.9 ,19 ,0.00 ,,
1/27/16,43 ,37.0 ,24 ,0.00 ,,
1/28/16,42 ,30.2 ,18 ,0.00 ,,
1/29/16,41 ,32.6 ,25 ,0.00 ,,
1/30/16,43 ,32.0 ,21 ,0.01 ,,
1/31/16,61 ,41.9 ,25 ,0.00,,
2/1/16,54 ,48.4 ,41 ,0.00 ,,
2/2/16,47 ,40.5 ,31 ,0.17 ,,
2/3/16,56 ,46.1 ,39 ,0.01 ,,
2/4/16,58 ,51.1 ,42 ,0.58 ,,
2/5/16,42 ,35.6 ,28 ,0.10 ,,
2/6/16,44 ,33.1 ,24 ,0.02 ,,
2/7/16,44 ,34.8 ,23 ,0.00 ,,
2/8/16,45 ,39.2 ,34 ,0.00 ,,
2/9/16,37 ,33.9 ,31 ,0.12 ,,
2/10/16,37 ,29.7 ,23 ,0.18 ,,
2/11/16,27 ,22.7 ,19 ,0.00 ,,
2/12/16,28 ,21.8 ,13 ,0.00 ,,
2/13/16,23 ,19.1 ,13 ,0.00 ,,
2/14/16,23 ,17.1 ,9 ,0.00 ,,
2/15/16,30 ,23.8 ,19 ,0.06 ,,
2/16/16,51 ,41.2 ,30 ,0.28 ,,
2/17/16,43 ,36.6 ,30 ,0.77 ,,
2/18/16,37 ,31.8 ,23 ,0.00 ,,
2/19/16,39 ,29.8 ,19 ,0.00 ,,
2/20/16,66 ,52.2 ,41 ,0.00 ,,
2/21/16,57 ,51.1 ,45 ,0.00 ,,
2/22/16,50 ,43.8 ,38 ,0.06 ,,
2/23/16,43 ,41.0 ,39 ,0.04 ,,
2/24/16,62 ,50.3 ,39 ,0.64 ,,
2/25/16,59 ,45.1 ,38 ,2.54 ,,
2/26/16,39 ,34.3 ,27 ,0.00 ,,
2/27/16,45 ,35.1 ,24 ,0.00 ,,
2/28/16,65 ,49.8 ,29 ,0.00 ,,
2/29/16,63 ,54.3 ,44 ,0.00,,
3/1/16,63 ,50.6 ,34 ,0.00 ,,
3/2/16,60 ,41.0 ,28 ,0.28 ,,
3/3/16,39 ,31.6 ,22 ,0.00 ,,
3/4/16,40 ,34.0 ,30 ,0.00 ,,
3/5/16,42 ,34.8 ,28 ,0.00 ,,
3/6/16,46 ,38.7 ,30 ,0.00 ,,
3/7/16,65 ,48.5 ,29 ,0.00 ,,
3/8/16,77 ,62.2 ,48 ,0.00 ,,
3/9/16,81 ,63.4 ,40 ,0.00 ,,
3/10/16,79 ,70.4 ,59 ,0.00 ,,
3/11/16,72 ,64.4 ,50 ,0.00 ,,
3/12/16,54 ,50.2 ,43 ,0.00 ,,
3/13/16,56 ,51.0 ,48 ,0.00 ,,
3/14/16,51 ,47.8 ,46 ,1.11 ,,
3/15/16,59 ,49.8 ,45 ,0.01 ,,
3/16/16,67 ,54.9 ,42 ,0.00 ,,
3/17/16,67 ,55.0 ,39 ,0.00 ,,
3/18/16,63 ,53.9 ,44 ,0.00 ,,
3/19/16,50 ,38.9 ,35 ,0.00 ,,
3/20/16,42 ,38.7 ,35 ,0.22 ,,
3/21/16,51 ,40.9 ,33 ,0.00 ,,
3/22/16,61 ,45.2 ,30 ,0.00 ,,
3/23/16,75 ,60.8 ,49 ,0.00 ,,
3/24/16,77 ,62.6 ,45 ,0.00 ,,
3/25/16,70 ,64.1 ,49 ,0.00 ,,
3/26/16,55 ,47.4 ,39 ,0.01 ,,
3/27/16,55 ,49.6 ,47 ,0.00 ,,
3/28/16,68 ,52.2 ,46 ,0.29 ,,
3/29/16,58 ,50.5 ,42 ,0.02 ,,
3/30/16,58 ,46.3 ,32 ,0.00 ,,
3/31/16,74 ,64.2 ,51 ,0.00,,
4/1/16,82 ,70.1 ,64 ,0.00 ,,
4/2/16,65 ,55.2 ,44 ,0.05 ,,
4/3/16,50 ,42.1 ,35 ,0.09 ,,
4/4/16,70 ,51.9 ,36 ,0.00 ,,
4/5/16,44 ,35.6 ,28 ,0.13 ,,
4/6/16,52 ,41.7 ,24 ,0.00 ,,
4/7/16,62 ,52.9 ,47 ,0.01 ,,
4/8/16,51 ,44.7 ,38 ,0.44 ,,
4/9/16,48 ,38.7 ,34 ,0.08 ,,
4/10/16,50 ,39.3 ,27 ,0.13 ,,
4/11/16,73 ,58.5 ,45 ,0.00 ,,
4/12/16,68 ,59.5 ,48 ,0.01 ,,
4/13/16,56 ,47.4 ,40 ,0.04 ,,
4/14/16,61 ,49.3 ,33 ,0.00 ,,
4/15/16,61 ,50.5 ,36 ,0.00 ,,
4/16/16,66 ,54.4 ,36 ,0.00 ,,
4/17/16,75 ,57.0 ,39 ,0.00 ,,
4/18/16,83 ,65.4 ,44 ,0.00 ,,
4/19/16,82 ,67.8 ,54 ,0.00 ,,
4/20/16,70 ,58.5 ,43 ,0.00 ,,
4/21/16,75 ,60.9 ,44 ,0.00 ,,
4/22/16,73 ,67.6 ,61 ,0.00 ,,
4/23/16,70 ,62.4 ,54 ,0.01 ,,
4/24/16,69 ,55.9 ,44 ,0.08 ,,
4/25/16,79 ,62.6 ,46 ,0.00 ,,
4/26/16,86 ,73.3 ,61 ,0.00 ,,
4/27/16,69 ,55.2 ,52 ,0.01 ,,
4/28/16,55 ,51.0 ,47 ,0.00 ,,
4/29/16,52 ,49.1 ,46 ,0.14 ,,
4/30/16,58 ,52.9 ,49 ,0.07,,
5/1/16,55 ,52.4 ,49 ,0.20 ,,
5/2/16,70 ,60.3 ,53 ,0.30 ,,
5/3/16,65 ,60.5 ,57 ,0.60 ,,
5/4/16,56 ,53.7 ,51 ,0.10 ,,
5/5/16,55 ,51.8 ,50 ,0.02 ,,
5/6/16,53 ,51.5 ,50 ,0.13 ,,
5/7/16,64 ,53.9 ,49 ,1.07 ,,
5/8/16,70 ,60.5 ,51 ,0.02 ,,
5/9/16,66 ,55.7 ,42 ,0.00 ,,
5/10/16,58 ,56.1 ,53 ,0.01 ,,
5/11/16,57 ,54.8 ,51 ,0.59 ,,
5/12/16,66 ,60.1 ,56 ,0.42 ,,
5/13/16,75 ,65.1 ,57 ,0.00 ,,
5/14/16,74 ,60.7 ,51 ,0.07 ,,
5/15/16,60 ,52.2 ,46 ,0.12 ,,
5/16/16,66 ,53.5 ,39 ,0.00 ,,
5/17/16,55 ,53.6 ,51 ,0.00 ,,
5/18/16,65 ,58.1 ,51 ,0.00 ,,
5/19/16,72 ,61.7 ,54 ,0.00 ,,
5/20/16,74 ,63.5 ,45 ,0.00 ,,
5/21/16,62 ,55.9 ,53 ,0.08 ,,
5/22/16,59 ,55.5 ,52 ,0.00 ,,
5/23/16,74 ,62.1 ,55 ,0.15 ,,
5/24/16,81 ,68.7 ,57 ,0.44 ,,
5/25/16,86 ,73.1 ,60 ,0.00 ,,
5/26/16,90 ,75.3 ,58 ,0.00 ,,
5/27/16,89 ,77.9 ,69 ,0.00 ,,
5/28/16,87 ,76.9 ,67 ,0.00 ,,
5/29/16,84 ,72.4 ,61 ,0.00 ,,
5/30/16,80 ,71.6 ,65 ,0.00 ,,
5/31/16,84 ,74.5 ,66 ,0.00,,
6/1/16,87 ,75.3 ,63 ,0.00 ,,
6/2/16,78 ,72.0 ,67 ,0.00 ,,
6/3/16,75 ,70.8 ,68 ,0.00 ,,
6/4/16,82 ,74.2 ,69 ,0.02 ,,
6/5/16,83 ,73.1 ,67 ,0.03 ,,
6/6/16,85 ,76.4 ,67 ,0.30 ,,
6/7/16,84 ,74.5 ,65 ,0.00 ,,
6/8/16,72 ,64.0 ,54 ,0.04 ,,
6/9/16,81 ,65.7 ,47 ,0.00 ,,
6/10/16,82 ,69.8 ,56 ,0.00 ,,
6/11/16,95 ,78.5 ,58 ,0.00 ,,
6/12/16,93 ,82.8 ,69 ,0.00 ,,
6/13/16,80 ,70.3 ,59 ,0.00 ,,
6/14/16,80 ,72.0 ,62 ,0.00 ,,
6/15/16,80 ,69.3 ,57 ,0.03 ,,
6/16/16,79 ,70.9 ,64 ,0.18 ,,
6/17/16,81 ,69.8 ,63 ,0.60 ,,
6/18/16,84 ,73.4 ,61 ,0.00 ,,
6/19/16,89 ,76.5 ,62 ,0.00 ,,
6/20/16,90 ,79.4 ,64 ,0.00 ,,
6/21/16,89 ,75.6 ,68 ,0.00 ,,
6/22/16,83 ,74.9 ,67 ,1.03 ,,
6/23/16,81 ,73.7 ,67 ,0.14 ,,
6/24/16,79 ,73.5 ,70 ,0.26 ,,
6/25/16,82 ,75.0 ,70 ,0.01 ,,
6/26/16,84 ,73.6 ,60 ,0.00 ,,
6/27/16,86 ,75.0 ,62 ,0.00 ,,
6/28/16,83 ,74.4 ,68 ,0.00 ,,
6/29/16,81 ,73.3 ,65 ,0.56 ,,
6/30/16,83 ,73.2 ,58 ,0.00,,
7/1/16,84 ,75.4 ,67 ,0.00 ,,
7/2/16,79 ,72.2 ,64 ,0.69 ,,
7/3/16,73 ,68.0 ,64 ,0.00 ,,
7/4/16,73 ,70.2 ,66 ,0.00 ,,
7/5/16,89 ,77.7 ,72 ,1.29 ,,
7/6/16,92 ,82.3 ,72 ,0.00 ,,
7/7/16,89 ,81.9 ,73 ,0.00 ,,
7/8/16,90 ,80.7 ,74 ,0.00 ,,
7/9/16,90 ,80.2 ,73 ,0.25 ,,
7/10/16,84 ,76.0 ,68 ,0.00 ,,
7/11/16,85 ,75.8 ,63 ,0.00 ,,
7/12/16,86 ,76.8 ,66 ,0.00 ,,
7/13/16,85 ,78.3 ,73 ,0.01 ,,
7/14/16,95 ,81.9 ,75 ,0.46 ,,
7/15/16,89 ,82.5 ,73 ,0.00 ,,
7/16/16,90 ,78.4 ,69 ,0.00 ,,
7/17/16,90 ,79.1 ,66 ,0.32 ,,
7/18/16,94 ,78.6 ,72 ,0.00 ,,
7/19/16,90 ,80.2 ,70 ,0.12 ,,
7/20/16,85 ,75.8 ,68 ,0.00 ,,
7/21/16,89 ,77.5 ,65 ,0.00 ,,
7/22/16,94 ,82.8 ,71 ,0.00 ,,
7/23/16,98 ,85.4 ,74 ,0.00 ,,
7/24/16,94 ,83.3 ,71 ,0.08 ,,
7/25/16,98 ,86.6 ,77 ,0.00 ,,
7/26/16,94 ,84.1 ,74 ,0.00 ,,
7/27/16,95 ,84.8 ,79 ,0.00 ,,
7/28/16,93 ,80.0 ,75 ,0.00 ,,
7/29/16,90 ,78.4 ,72 ,1.06 ,,
7/30/16,86 ,76.3 ,72 ,0.00 ,,
7/31/16,90 ,79.4 ,72 ,1.80,,
8/1/16,88 ,78.3 ,72 ,0.01 ,,
8/2/16,86 ,78.0 ,73 ,0.06 ,,
8/3/16,80 ,74.6 ,70 ,0.00 ,,
8/4/16,83 ,75.0 ,65 ,0.00 ,,
8/5/16,83 ,76.0 ,68 ,0.00 ,,
8/6/16,90 ,81.2 ,74 ,0.00 ,,
8/7/16,88 ,78.6 ,69 ,0.00 ,,
8/8/16,86 ,75.3 ,65 ,0.00 ,,
8/9/16,81 ,74.3 ,64 ,0.00 ,,
8/10/16,92 ,81.9 ,75 ,0.00 ,,
8/11/16,96 ,86.2 ,78 ,0.00 ,,
8/12/16,95 ,83.9 ,79 ,0.00 ,,
8/13/16,97 ,87.5 ,78 ,0.32 ,,
8/14/16,97 ,85.1 ,74 ,0.00 ,,
8/15/16,92 ,76.6 ,72 ,0.20 ,,
8/16/16,94 ,81.3 ,72 ,1.64 ,,
8/17/16,90 ,79.9 ,72 ,0.00 ,,
8/18/16,88 ,78.4 ,73 ,1.36 ,,
8/19/16,88 ,78.9 ,70 ,0.00 ,,
8/20/16,88 ,79.1 ,69 ,0.00 ,,
8/21/16,83 ,77.1 ,70 ,0.00 ,,
8/22/16,81 ,72.8 ,64 ,0.38 ,,
8/23/16,81 ,70.6 ,59 ,0.00 ,,
8/24/16,84 ,73.7 ,61 ,0.00 ,,
8/25/16,87 ,77.8 ,66 ,0.00 ,,
8/26/16,92 ,83.2 ,75 ,0.00 ,,
8/27/16,90 ,79.9 ,71 ,0.00 ,,
8/28/16,86 ,77.9 ,68 ,0.00 ,,
8/29/16,92 ,80.0 ,68 ,0.00 ,,
8/30/16,89 ,78.6 ,69 ,0.00 ,,
8/31/16,90 ,78.0 ,65 ,0.00,,
9/1/16,80 ,74.8 ,70 ,0.03 ,,
9/2/16,80 ,72.9 ,64 ,0.06 ,,
9/3/16,79 ,73.0 ,68 ,0.00 ,,
9/4/16,81 ,70.3 ,61 ,0.00 ,,
9/5/16,86 ,72.0 ,56 ,0.00 ,,
9/6/16,92 ,77.7 ,65 ,0.00 ,,
9/7/16,92 ,77.9 ,66 ,0.00 ,,
9/8/16,95 ,84.5 ,74 ,0.00 ,,
9/9/16,94 ,85.4 ,77 ,0.00 ,,
9/10/16,94 ,83.8 ,73 ,0.00 ,,
9/11/16,85 ,77.8 ,65 ,0.00 ,,
9/12/16,81 ,72.0 ,64 ,0.00 ,,
9/13/16,89 ,74.0 ,61 ,0.00 ,,
9/14/16,93 ,78.1 ,63 ,0.00 ,,
9/15/16,74 ,70.6 ,67 ,0.00 ,,
9/16/16,76 ,69.2 ,61 ,0.00 ,,
9/17/16,82 ,72.3 ,66 ,0.00 ,,
9/18/16,87 ,76.4 ,68 ,0.00 ,,
9/19/16,77 ,73.2 ,70 ,0.41 ,,
9/20/16,78 ,72.1 ,68 ,0.23 ,,
9/21/16,82 ,74.3 ,67 ,0.00 ,,
9/22/16,84 ,72.5 ,63 ,0.00 ,,
9/23/16,89 ,73.2 ,59 ,0.00 ,,
9/24/16,73 ,68.2 ,58 ,0.00 ,,
9/25/16,72 ,61.3 ,51 ,0.00 ,,
9/26/16,68 ,62.7 ,52 ,0.00 ,,
9/27/16,76 ,66.6 ,58 ,0.18 ,,
9/28/16,69 ,65.4 ,57 ,0.00 ,,
9/29/16,67 ,65.2 ,63 ,0.00 ,,
9/30/16,64 ,61.2 ,58 ,0.00,,
10/1/16,63 ,62.2 ,60 ,0.00 ,,
10/2/16,72 ,65.6 ,63 ,0.40 ,,
10/3/16,75 ,65.3 ,56 ,0.00 ,,
10/4/16,73 ,63.0 ,53 ,0.00 ,,
10/5/16,69 ,61.2 ,55 ,0.00 ,,
10/6/16,70 ,62.1 ,55 ,0.00 ,,
10/7/16,72 ,64.2 ,59 ,0.00 ,,
10/8/16,66 ,64.4 ,63 ,0.00 ,,
10/9/16,68 ,60.7 ,55 ,0.19 ,,
10/10/16,64 ,53.5 ,44 ,0.00 ,,
10/11/16,65 ,51.8 ,39 ,0.00 ,,
10/12/16,68 ,53.9 ,42 ,0.00 ,,
10/13/16,71 ,55.7 ,46 ,0.00 ,,
10/14/16,64 ,53.6 ,41 ,0.00 ,,
10/15/16,65 ,53.3 ,41 ,0.00 ,,
10/16/16,74 ,57.4 ,45 ,0.00 ,,
10/17/16,83 ,68.6 ,55 ,0.00 ,,
10/18/16,84 ,69.9 ,56 ,0.00 ,,
10/19/16,86 ,74.2 ,64 ,0.00 ,,
10/20/16,80 ,72.0 ,66 ,0.00 ,,
10/21/16,79 ,66.0 ,58 ,0.00 ,,
10/22/16,59 ,53.8 ,48 ,0.11 ,,
10/23/16,68 ,55.2 ,45 ,0.00 ,,
10/24/16,67 ,58.4 ,45 ,0.00 ,,
10/25/16,61 ,48.8 ,38 ,0.00 ,,
10/26/16,57 ,46.0 ,34 ,0.00 ,,
10/27/16,61 ,55.7 ,49 ,0.00 ,,
10/28/16,60 ,51.8 ,39 ,0.07 ,,
10/29/16,73 ,55.6 ,37 ,0.00 ,,
10/30/16,82 ,67.8 ,59 ,0.00 ,,
10/31/16,60 ,51.8 ,41 ,0.00,,
11/1/16,59 ,50.0 ,38 ,0.00 ,,
11/2/16,73 ,57.9 ,48 ,0.00 ,,
11/3/16,77 ,64.8 ,53 ,0.00 ,,
11/4/16,63 ,55.4 ,41 ,0.00 ,,
11/5/16,66 ,50.0 ,35 ,0.00 ,,
11/6/16,67 ,55.8 ,46 ,0.00 ,,
11/7/16,59 ,46.8 ,37 ,0.00 ,,
11/8/16,70 ,52.0 ,33 ,0.00 ,,
11/9/16,60 ,54.2 ,50 ,0.04 ,,
11/10/16,59 ,49.7 ,38 ,0.16 ,,
11/11/16,65 ,53.5 ,43 ,0.00 ,,
11/12/16,51 ,40.0 ,30 ,0.00 ,,
11/13/16,63 ,44.4 ,31 ,0.00 ,,
11/14/16,59 ,46.6 ,31 ,0.00 ,,
11/15/16,64 ,51.2 ,41 ,0.02 ,,
11/16/16,65 ,49.3 ,36 ,0.00 ,,
11/17/16,62 ,49.3 ,37 ,0.00 ,,
11/18/16,72 ,52.5 ,33 ,0.00 ,,
11/19/16,72 ,49.5 ,35 ,0.00 ,,
11/20/16,45 ,39.5 ,36 ,0.00 ,,
11/21/16,43 ,37.1 ,32 ,0.00 ,,
11/22/16,47 ,37.6 ,31 ,0.00 ,,
11/23/16,53 ,39.2 ,24 ,0.00 ,,
11/24/16,56 ,44.3 ,36 ,0.00 ,,
11/25/16,54 ,46.4 ,36 ,0.00 ,,
11/26/16,51 ,44.1 ,37 ,0.00 ,,
11/27/16,51 ,40.6 ,30 ,0.00 ,,
11/28/16,53 ,41.3 ,26 ,0.00 ,,
11/29/16,58 ,55.4 ,47 ,0.05 ,,
11/30/16,62 ,57.8 ,55 ,0.27,,
12/1/16,61 ,51.1 ,44 ,1.06 ,,
12/2/16,49 ,44.3 ,40 ,0.00 ,,
12/3/16,50 ,43.8 ,40 ,0.00 ,,
12/4/16,46 ,41.4 ,36 ,0.00 ,,
12/5/16,54 ,43.9 ,38 ,0.30 ,,
12/6/16,46 ,42.3 ,39 ,0.00 ,,
12/7/16,51 ,42.5 ,32 ,0.00 ,,
12/8/16,45 ,38.0 ,31 ,0.00 ,,
12/9/16,39 ,31.8 ,28 ,0.00 ,,
12/10/16,35 ,29.3 ,24 ,0.00 ,,
12/11/16,41 ,32.3 ,25 ,0.00 ,,
12/12/16,52 ,43.1 ,38 ,0.17 ,,
12/13/16,43 ,38.8 ,33 ,0.00 ,,
12/14/16,44 ,37.9 ,31 ,0.00 ,,
12/15/16,35 ,23.5 ,15 ,0.00 ,,
12/16/16,26 ,21.0 ,13 ,0.00 ,,
12/17/16,34 ,30.8 ,27 ,0.13 ,,
12/18/16,63 ,48.3 ,34 ,0.45 ,,
12/19/16,34 ,31.2 ,28 ,0.02 ,,
12/20/16,35 ,26.9 ,20 ,0.00 ,,
12/21/16,48 ,33.8 ,23 ,0.00 ,,
12/22/16,57 ,41.5 ,28 ,0.00 ,,
12/23/16,46 ,37.4 ,26 ,0.00 ,,
12/24/16,48 ,41.8 ,38 ,0.27 ,,
12/25/16,48 ,39.0 ,27 ,0.19 ,,
12/26/16,51 ,39.8 ,28 ,0.00 ,,
12/27/16,65 ,56.5 ,47 ,0.01 ,,
12/28/16,47 ,40.7 ,33 ,0.01 ,,
12/29/16,47 ,40.1 ,32 ,0.17 ,,
12/30/16,41 ,36.3 ,30 ,0.12 ,,
12/31/16,47 ,38.7 ,27 ,0.00,,
1/1/17,54 ,44.2 ,36 ,0.00 ,,
1/2/17,43 ,41.3 ,38 ,0.17 ,,
1/3/17,45 ,43.2 ,41 ,0.35 ,,
1/4/17,55 ,44.7 ,33 ,0.73 ,,
1/5/17,35 ,31.6 ,27 ,0.00 ,,
1/6/17,31 ,29.3 ,25 ,0.01 ,,
1/7/17,25 ,21.4 ,17 ,0.00 ,,
1/8/17,23 ,17.4 ,13 ,0.03 ,,
1/9/17,25 ,18.9 ,11 ,0.00 ,,
1/10/17,40 ,28.4 ,17 ,0.00 ,,
1/11/17,55 ,45.4 ,38 ,0.12 ,,
1/12/17,70 ,61.1 ,51 ,0.16 ,,
1/13/17,62 ,50.2 ,41 ,0.00 ,,
1/14/17,39 ,33.3 ,31 ,0.00 ,,
1/15/17,43 ,36.3 ,33 ,0.26 ,,
1/16/17,42 ,37.5 ,32 ,0.00 ,,
1/17/17,45 ,42.2 ,38 ,0.01 ,,
1/18/17,55 ,46.5 ,40 ,0.15 ,,
1/19/17,50 ,44.5 ,33 ,0.00 ,,
1/20/17,45 ,40.8 ,33 ,0.00 ,,
1/21/17,48 ,46.0 ,44 ,0.02 ,,
1/22/17,51 ,47.6 ,45 ,0.00 ,,
1/23/17,47 ,42.1 ,38 ,0.08 ,,
1/24/17,46 ,41.1 ,37 ,0.60 ,,
1/25/17,60 ,46.8 ,39 ,0.00 ,,
1/26/17,55 ,45.6 ,37 ,0.00 ,,
1/27/17,42 ,38.9 ,35 ,0.00 ,,
1/28/17,46 ,36.7 ,29 ,0.00 ,,
1/29/17,43 ,36.2 ,27 ,0.00 ,,
1/30/17,36 ,32.5 ,25 ,0.00 ,,
1/31/17,52 ,37.2 ,26 ,0.00,,
2/1/17,48 ,42.5 ,32 ,0.00 ,,
2/2/17,49 ,40.5 ,34 ,0.00 ,,
2/3/17,36 ,32.1 ,27 ,0.00 ,,
2/4/17,38 ,29.4 ,20 ,0.00 ,,
2/5/17,50 ,37.7 ,29 ,0.00 ,,
2/6/17,60 ,43.0 ,27 ,0.00 ,,
2/7/17,72 ,57.9 ,38 ,0.00 ,,
2/8/17,70 ,61.0 ,51 ,0.00 ,,
2/9/17,49 ,34.0 ,24 ,0.24 ,,
2/10/17,36 ,29.6 ,20 ,0.00 ,,
2/11/17,53 ,43.7 ,29 ,0.00 ,,
2/12/17,49 ,44.7 ,42 ,0.00 ,,
2/13/17,43 ,37.7 ,27 ,0.22 ,,
2/14/17,45 ,34.7 ,26 ,0.00 ,,
2/15/17,52 ,38.0 ,30 ,0.00 ,,
2/16/17,38 ,33.1 ,25 ,0.00 ,,
2/17/17,51 ,34.3 ,20 ,0.00 ,,
2/18/17,70 ,50.3 ,27 ,0.00 ,,
2/19/17,70 ,60.0 ,50 ,0.00 ,,
2/20/17,63 ,52.5 ,39 ,0.00 ,,
2/21/17,52 ,45.0 ,36 ,0.00 ,,
2/22/17,62 ,50.3 ,43 ,0.00 ,,
2/23/17,76 ,55.1 ,45 ,0.00 ,,
2/24/17,73 ,60.9 ,47 ,0.00 ,,
2/25/17,74 ,58.1 ,43 ,0.00 ,,
2/26/17,46 ,38.0 ,28 ,0.75 ,,
2/27/17,55 ,42.3 ,25 ,0.00 ,,
2/28/17,64 ,53.9 ,41 ,0.00 ,,
3/1/17,75 ,62.6 ,56 ,0.26 ,,
3/2/17,60 ,45.8 ,37 ,0.02 ,,
3/3/17,42 ,35.1 ,28 ,0.00 ,,
3/4/17,40 ,31.0 ,21 ,0.00 ,,
3/5/17,40 ,28.5 ,19 ,0.00 ,,
3/6/17,52 ,40.7 ,24 ,0.00 ,,
3/7/17,69 ,55.5 ,45 ,0.00 ,,
3/8/17,65 ,57.6 ,48 ,0.06 ,,
3/9/17,70 ,59.0 ,46 ,0.00 ,,
3/10/17,52 ,39.1 ,28 ,0.00 ,,
3/11/17,36 ,28.9 ,22 ,0.13 ,,
3/12/17,38 ,30.6 ,24 ,0.00 ,,
3/13/17,39 ,30.8 ,23 ,0.00 ,,
3/14/17,36 ,31.1 ,24 ,1.25 ,,
3/15/17,30 ,25.5 ,20 ,0.19 ,,
3/16/17,38 ,30.9 ,24 ,0.00 ,,
3/17/17,48 ,38.5 ,25 ,0.00 ,,
3/18/17,53 ,43.7 ,39 ,0.03 ,,
3/19/17,50 ,40.2 ,33 ,0.37 ,,
3/20/17,51 ,44.5 ,35 ,0.01 ,,
3/21/17,61 ,51.8 ,45 ,0.00 ,,
3/22/17,53 ,43.7 ,33 ,0.00 ,,
3/23/17,48 ,35.6 ,27 ,0.00 ,,
3/24/17,60 ,46.2 ,31 ,0.00 ,,
3/25/17,79 ,66.1 ,53 ,0.00 ,,
3/26/17,50 ,46.1 ,44 ,0.00 ,,
3/27/17,69 ,52.2 ,44 ,0.04 ,,
3/28/17,70 ,60.0 ,52 ,0.02 ,,
3/29/17,63 ,56.8 ,50 ,0.28 ,,
3/30/17,50 ,46.3 ,42 ,0.00 ,,
3/31/17,51 ,45.3 ,42 ,0.26,,
4/1/17,55 ,49.4 ,44 ,1.19 ,,
4/2/17,63 ,52.0 ,41 ,0.00 ,,
4/3/17,69 ,55.2 ,40 ,0.00 ,,
4/4/17,79 ,66.0 ,58 ,0.13 ,,
4/5/17,70 ,62.6 ,55 ,0.00 ,,
4/6/17,58 ,53.4 ,50 ,0.00 ,,
4/7/17,49 ,45.0 ,41 ,1.45 ,,
4/8/17,62 ,48.3 ,35 ,0.00 ,,
4/9/17,71 ,55.3 ,35 ,0.00 ,,
4/10/17,82 ,62.9 ,42 ,0.00 ,,
4/11/17,86 ,71.3 ,58 ,0.00 ,,
4/12/17,75 ,67.5 ,56 ,0.00 ,,
4/13/17,69 ,60.1 ,53 ,0.00 ,,
4/14/17,67 ,57.2 ,48 ,0.00 ,,
4/15/17,73 ,62.4 ,53 ,0.00 ,,
4/16/17,86 ,72.8 ,59 ,0.36 ,,
4/17/17,71 ,64.6 ,55 ,0.00 ,,
4/18/17,68 ,60.1 ,49 ,0.21 ,,
4/19/17,62 ,55.5 ,49 ,0.00 ,,
4/20/17,79 ,63.9 ,57 ,0.00 ,,
4/21/17,69 ,62.8 ,59 ,0.43 ,,
4/22/17,60 ,55.8 ,48 ,0.01 ,,
4/23/17,59 ,53.3 ,46 ,0.26 ,,
4/24/17,58 ,53.7 ,51 ,0.00 ,,
4/25/17,58 ,56.1 ,52 ,0.12 ,,
4/26/17,66 ,59.3 ,56 ,0.55 ,,
4/27/17,80 ,62.0 ,53 ,0.00 ,,
4/28/17,84 ,73.8 ,62 ,0.00 ,,
4/29/17,89 ,77.0 ,68 ,0.00 ,,
4/30/17,79 ,70.7 ,61 ,0.00,,
5/1/17,82 ,68.8 ,58 ,0.00 ,,
5/2/17,76 ,69.5 ,57 ,0.01 ,,
5/3/17,65 ,59.0 ,48 ,0.00 ,,
5/4/17,65 ,56.2 ,45 ,0.00 ,,
5/5/17,70 ,63.3 ,55 ,0.80 ,,
5/6/17,66 ,56.7 ,48 ,0.74 ,,
5/7/17,61 ,52.3 ,45 ,0.03 ,,
5/8/17,61 ,51.9 ,40 ,0.00 ,,
5/9/17,65 ,52.5 ,39 ,0.00 ,,
5/10/17,73 ,58.9 ,41 ,0.00 ,,
5/11/17,59 ,53.4 ,51 ,0.00 ,,
5/12/17,58 ,52.4 ,49 ,0.56 ,,
5/13/17,57 ,52.4 ,49 ,0.78 ,,
5/14/17,77 ,61.4 ,44 ,0.01 ,,
5/15/17,74 ,61.5 ,49 ,0.00 ,,
5/16/17,82 ,66.0 ,45 ,0.00 ,,
5/17/17,93 ,75.5 ,56 ,0.00 ,,
5/18/17,91 ,81.8 ,71 ,0.00 ,,
5/19/17,90 ,76.5 ,67 ,0.00 ,,
5/20/17,69 ,65.8 ,59 ,0.36 ,,
5/21/17,66 ,61.0 ,57 ,0.00 ,,
5/22/17,69 ,61.6 ,56 ,0.05 ,,
5/23/17,65 ,60.9 ,56 ,0.14 ,,
5/24/17,65 ,60.9 ,56 ,0.26 ,,
5/25/17,73 ,60.8 ,56 ,0.57 ,,
5/26/17,74 ,65.2 ,58 ,0.64 ,,
5/27/17,72 ,64.4 ,55 ,0.00 ,,
5/28/17,73 ,65.5 ,57 ,0.02 ,,
5/29/17,75 ,66.6 ,62 ,0.19 ,,
5/30/17,66 ,61.5 ,59 ,0.00 ,,
5/31/17,83 ,67.8 ,63 ,0.10,,
6/1/17,81 ,70.0 ,59 ,0.38 ,,
6/2/17,80 ,68.5 ,55 ,0.00 ,,
6/3/17,79 ,67.9 ,53 ,0.00 ,,
6/4/17,86 ,71.6 ,54 ,0.00 ,,
6/5/17,74 ,70.5 ,64 ,0.00 ,,
6/6/17,77 ,68.5 ,62 ,0.14 ,,
6/7/17,64 ,60.2 ,51 ,0.00 ,,
6/8/17,72 ,61.5 ,48 ,0.00 ,,
6/9/17,82 ,68.8 ,52 ,0.00 ,,
6/10/17,88 ,75.3 ,57 ,0.00 ,,
6/11/17,93 ,80.4 ,65 ,0.00 ,,
6/12/17,93 ,82.1 ,68 ,0.00 ,,
6/13/17,96 ,84.7 ,70 ,0.00 ,,
6/14/17,87 ,81.0 ,74 ,0.00 ,,
6/15/17,84 ,75.0 ,66 ,0.00 ,,
6/16/17,82 ,74.5 ,68 ,0.00 ,,
6/17/17,86 ,77.3 ,72 ,0.00 ,,
6/18/17,91 ,81.4 ,73 ,0.04 ,,
6/19/17,90 ,77.3 ,70 ,0.00 ,,
6/20/17,88 ,77.3 ,66 ,0.91 ,,
6/21/17,89 ,77.5 ,67 ,0.00 ,,
6/22/17,87 ,79.0 ,68 ,0.00 ,,
6/23/17,88 ,78.8 ,71 ,0.13 ,,
6/24/17,86 ,78.5 ,69 ,0.18 ,,
6/25/17,85 ,75.7 ,68 ,0.00 ,,
6/26/17,82 ,72.4 ,60 ,0.00 ,,
6/27/17,79 ,71.8 ,63 ,0.00 ,,
6/28/17,80 ,69.1 ,53 ,0.00 ,,
6/29/17,90 ,77.1 ,63 ,0.00 ,,
6/30/17,92 ,82.0 ,72 ,0.00,,
7/1/17,92 ,79.4 ,73 ,0.00 ,,
7/2/17,92 ,80.9 ,70 ,0.35 ,,
7/3/17,91 ,81.5 ,68 ,0.00 ,,
7/4/17,91 ,78.3 ,70 ,0.00 ,,
7/5/17,85 ,77.6 ,73 ,0.32 ,,
7/6/17,76 ,74.0 ,73 ,0.27 ,,
7/7/17,89 ,77.1 ,72 ,1.51 ,,
7/8/17,87 ,77.8 ,69 ,0.01 ,,
7/9/17,83 ,74.1 ,64 ,0.00 ,,
7/10/17,89 ,77.0 ,65 ,0.01 ,,
7/11/17,91 ,81.9 ,71 ,0.00 ,,
7/12/17,90 ,82.0 ,74 ,0.00 ,,
7/13/17,94 ,85.3 ,74 ,0.00 ,,
7/14/17,91 ,80.9 ,73 ,0.03 ,,
7/15/17,88 ,79.1 ,71 ,0.14 ,,
7/16/17,86 ,76.5 ,64 ,0.00 ,,
7/17/17,89 ,78.6 ,70 ,0.00 ,,
7/18/17,90 ,80.9 ,71 ,0.02 ,,
7/19/17,95 ,83.5 ,73 ,0.00 ,,
7/20/17,96 ,86.9 ,73 ,0.00 ,,
7/21/17,93 ,85.4 ,76 ,0.00 ,,
7/22/17,94 ,80.1 ,73 ,0.00 ,,
7/23/17,88 ,77.1 ,73 ,0.11 ,,
7/24/17,90 ,78.6 ,71 ,0.38 ,,
7/25/17,79 ,73.3 ,65 ,0.02 ,,
7/26/17,80 ,72.9 ,62 ,0.00 ,,
7/27/17,86 ,77.0 ,71 ,0.00 ,,
7/28/17,78 ,74.5 ,71 ,0.00 ,,
7/29/17,74 ,69.8 ,66 ,3.84 ,,
7/30/17,82 ,71.9 ,61 ,0.10 ,,
7/31/17,87 ,74.6 ,59 ,0.00,,
8/1/17,89 ,76.1 ,65 ,0.00 ,,
8/2/17,89 ,75.2 ,70 ,0.01 ,,
8/3/17,85 ,73.9 ,68 ,0.68 ,,
8/4/17,87 ,77.8 ,69 ,0.38 ,,
8/5/17,78 ,73.6 ,64 ,0.00 ,,
8/6/17,79 ,71.1 ,62 ,0.00 ,,
8/7/17,73 ,69.9 ,66 ,0.17 ,,
8/8/17,79 ,70.8 ,63 ,0.57 ,,
8/9/17,82 ,71.1 ,60 ,0.00 ,,
8/10/17,83 ,72.1 ,60 ,0.00 ,,
8/11/17,79 ,73.0 ,65 ,0.00 ,,
8/12/17,83 ,73.9 ,69 ,0.24 ,,
8/13/17,83 ,74.1 ,67 ,0.53 ,,
8/14/17,77 ,72.2 ,63 ,0.00 ,,
8/15/17,78 ,74.5 ,71 ,0.00 ,,
8/16/17,89 ,75.1 ,69 ,0.76 ,,
8/17/17,85 ,76.9 ,70 ,0.00 ,,
8/18/17,91 ,79.4 ,74 ,0.00 ,,
8/19/17,88 ,78.8 ,70 ,0.44 ,,
8/20/17,85 ,74.5 ,65 ,0.00 ,,
8/21/17,87 ,76.7 ,67 ,0.00 ,,
8/22/17,92 ,81.4 ,70 ,0.02 ,,
8/23/17,83 ,77.1 ,68 ,0.00 ,,
8/24/17,79 ,71.3 ,62 ,0.00 ,,
8/25/17,79 ,70.4 ,62 ,0.03 ,,
8/26/17,78 ,69.5 ,60 ,0.00 ,,
8/27/17,77 ,68.2 ,58 ,0.00 ,,
8/28/17,76 ,68.1 ,57 ,0.00 ,,
8/29/17,68 ,65.1 ,63 ,0.13 ,,
8/30/17,76 ,67.5 ,57 ,0.63 ,,
8/31/17,83 ,72.5 ,61 ,0.00,,
9/1/17,70 ,63.0 ,59 ,0.01 ,,
9/2/17,63 ,60.3 ,58 ,0.11 ,,
9/3/17,77 ,65.3 ,58 ,0.59 ,,
9/4/17,82 ,70.3 ,57 ,0.00 ,,
9/5/17,87 ,73.1 ,67 ,0.00 ,,
9/6/17,68 ,63.8 ,60 ,0.68 ,,
9/7/17,71 ,61.9 ,56 ,0.44 ,,
9/8/17,75 ,63.3 ,50 ,0.00 ,,
9/9/17,70 ,61.2 ,51 ,0.00 ,,
9/10/17,73 ,61.8 ,53 ,0.00 ,,
9/11/17,72 ,62.6 ,51 ,0.00 ,,
9/12/17,76 ,66.5 ,58 ,0.00 ,,
9/13/17,78 ,68.9 ,64 ,0.04 ,,
9/14/17,80 ,72.1 ,64 ,0.07 ,,
9/15/17,82 ,72.3 ,62 ,0.00 ,,
9/16/17,83 ,72.2 ,63 ,0.00 ,,
9/17/17,81 ,71.9 ,64 ,0.00 ,,
9/18/17,73 ,69.8 ,64 ,0.00 ,,
9/19/17,83 ,73.3 ,67 ,0.02 ,,
9/20/17,87 ,75.1 ,64 ,0.00 ,,
9/21/17,87 ,74.3 ,61 ,0.00 ,,
9/22/17,81 ,72.3 ,63 ,0.00 ,,
9/23/17,88 ,71.7 ,59 ,0.00 ,,
9/24/17,89 ,75.2 ,62 ,0.00 ,,
9/25/17,89 ,76.2 ,65 ,0.00 ,,
9/26/17,83 ,74.8 ,67 ,0.00 ,,
9/27/17,89 ,77.6 ,68 ,0.00 ,,
9/28/17,80 ,72.9 ,63 ,0.00 ,,
9/29/17,72 ,62.0 ,50 ,0.00 ,,
9/30/17,65 ,59.6 ,54 ,0.00,,
10/1/17,68 ,56.1 ,46 ,0.00 ,,
10/2/17,74 ,58.3 ,44 ,0.00 ,,
10/3/17,72 ,60.7 ,47 ,0.00 ,,
10/4/17,77 ,62.5 ,48 ,0.00 ,,
10/5/17,83 ,68.8 ,52 ,0.00 ,,
10/6/17,82 ,71.5 ,61 ,0.00 ,,
10/7/17,84 ,72.2 ,60 ,0.00 ,,
10/8/17,82 ,76.8 ,73 ,0.00 ,,
10/9/17,84 ,75.7 ,73 ,0.34 ,,
10/10/17,84 ,75.7 ,68 ,0.31 ,,
10/11/17,73 ,70.2 ,66 ,0.00 ,,
10/12/17,65 ,62.5 ,59 ,0.65 ,,
10/13/17,64 ,61.0 ,59 ,0.01 ,,
10/14/17,70 ,63.5 ,60 ,0.01 ,,
10/15/17,76 ,66.8 ,63 ,0.00 ,,
10/16/17,71 ,60.5 ,49 ,0.10 ,,
10/17/17,62 ,49.5 ,39 ,0.00 ,,
10/18/17,70 ,53.9 ,39 ,0.00 ,,
10/19/17,72 ,55.8 ,42 ,0.00 ,,
10/20/17,76 ,61.0 ,50 ,0.00 ,,
10/21/17,75 ,58.6 ,45 ,0.00 ,,
10/22/17,74 ,59.3 ,45 ,0.00 ,,
10/23/17,74 ,66.8 ,54 ,0.00 ,,
10/24/17,72 ,65.5 ,55 ,0.13 ,,
10/25/17,64 ,55.5 ,49 ,0.00 ,,
10/26/17,59 ,49.8 ,41 ,0.00 ,,
10/27/17,67 ,52.0 ,36 ,0.00 ,,
10/28/17,70 ,59.7 ,44 ,0.00 ,,
10/29/17,66 ,60.1 ,47 ,0.26 ,,
10/30/17,57 ,49.4 ,44 ,1.18 ,,
10/31/17,59 ,47.7 ,38 ,0.00,,
11/1/17,60 ,51.6 ,44 ,0.00 ,,
11/2/17,76 ,61.6 ,49 ,0.00 ,,
11/3/17,76 ,62.1 ,49 ,0.00 ,,
11/4/17,56 ,52.2 ,47 ,0.00 ,,
11/5/17,61 ,60.2 ,56 ,0.00 ,,
11/6/17,71 ,63.3 ,51 ,0.03 ,,
11/7/17,49 ,42.5 ,40 ,0.00 ,,
11/8/17,48 ,43.5 ,40 ,1.11 ,,
11/9/17,56 ,47.9 ,40 ,0.00 ,,
11/10/17,45 ,38.8 ,28 ,0.04 ,,
11/11/17,38 ,29.9 ,22 ,0.00 ,,
11/12/17,46 ,36.4 ,25 ,0.00 ,,
11/13/17,50 ,42.3 ,34 ,0.12 ,,
11/14/17,49 ,41.8 ,33 ,0.00 ,,
11/15/17,50 ,43.9 ,31 ,0.00 ,,
11/16/17,60 ,49.4 ,42 ,0.01 ,,
11/17/17,52 ,41.9 ,33 ,0.00 ,,
11/18/17,63 ,49.0 ,33 ,0.00 ,,
11/19/17,61 ,49.3 ,40 ,0.16 ,,
11/20/17,50 ,41.5 ,35 ,0.00 ,,
11/21/17,60 ,48.9 ,32 ,0.00 ,,
11/22/17,56 ,47.5 ,32 ,0.01 ,,
11/23/17,44 ,34.2 ,28 ,0.00 ,,
11/24/17,54 ,38.8 ,26 ,0.00 ,,
11/25/17,62 ,45.1 ,30 ,0.00 ,,
11/26/17,52 ,45.1 ,34 ,0.00 ,,
11/27/17,58 ,46.7 ,36 ,0.00 ,,
11/28/17,63 ,47.0 ,33 ,0.00 ,,
11/29/17,66 ,49.9 ,36 ,0.00 ,,
11/30/17,56 ,47.7 ,37 ,0.00,,