rank_test_score,mean_test_score,std_test_score,mean_train_score,std_train_score,mean_fit_time,std_fit_time,mean_score_time,std_score_time,param_model__eta,param_model__gamma,param_model__lambda,params,split0_test_score,split0_train_score
1,0.4658448419686718,0.0,0.694087522203511,0.0,310.44274139404297,0.0,2.579102039337158,0.0,1,0,100,"{'model__eta': 1, 'model__gamma': 0, 'model__lambda': 100}",0.4658448419686718,0.694087522203511
2,0.46380572805635367,0.0,0.8487162333617846,0.0,301.89460158348083,0.0,2.434490203857422,0.0,1,0,10,"{'model__eta': 1, 'model__gamma': 0, 'model__lambda': 10}",0.46380572805635367,0.8487162333617846
3,0.4585225692835295,0.0,0.5397356340400009,0.0,305.801153421402,0.0,2.5461909770965576,0.0,1,0,1000,"{'model__eta': 1, 'model__gamma': 0, 'model__lambda': 1000}",0.4585225692835295,0.5397356340400009
4,0.4542589674668644,0.0,0.5396433597084132,0.0,313.4945795536041,0.0,4.1289589405059814,0.0,0.1,0,0.001,"{'model__eta': 0.1, 'model__gamma': 0, 'model__lambda': 0.001}",0.4542589674668644,0.5396433597084132
5,0.4537955324867921,0.0,0.538720616392535,0.0,312.4693202972412,0.0,3.3939244747161865,0.0,0.1,0,0.1,"{'model__eta': 0.1, 'model__gamma': 0, 'model__lambda': 0.1}",0.4537955324867921,0.538720616392535
6,0.45305403651867643,0.0,0.5408429260190547,0.0,315.9609751701355,0.0,2.5711233615875244,0.0,0.1,0,0.0001,"{'model__eta': 0.1, 'model__gamma': 0, 'model__lambda': 0.0001}",0.45305403651867643,0.5408429260190547
7,0.4524052275465752,0.0,0.5402662114466308,0.0,314.3193745613098,0.0,4.182813882827759,0.0,0.1,0,0.01,"{'model__eta': 0.1, 'model__gamma': 0, 'model__lambda': 0.01}",0.4524052275465752,0.5402662114466308
8,0.45231254055056075,0.0,0.5282936169231124,0.0,304.30515575408936,0.0,2.697787046432495,0.0,0.1,0,1,"{'model__eta': 0.1, 'model__gamma': 0, 'model__lambda': 1}",0.45231254055056075,0.5282936169231124
9,0.4487904347020113,0.0,0.5023645297469377,0.0,307.77487659454346,0.0,2.5441951751708984,0.0,0.1,0,10,"{'model__eta': 0.1, 'model__gamma': 0, 'model__lambda': 10}",0.4487904347020113,0.5023645297469377
10,0.44730744276577994,0.0,0.9002283789706799,0.0,294.7566919326782,0.0,2.0993845462799072,0.0,1,0,1,"{'model__eta': 1, 'model__gamma': 0, 'model__lambda': 1}",0.44730744276577994,0.9002283789706799
11,0.4408193530447678,0.0,0.4705990910978339,0.0,301.8068358898163,0.0,2.039545774459839,0.0,0.1,0,100,"{'model__eta': 0.1, 'model__gamma': 0, 'model__lambda': 100}",0.4408193530447678,0.4705990910978339
12,0.4371118732041894,0.0,0.4604027774573808,0.0,307.8486828804016,0.0,1.3783087730407715,0.0,0.1,10,0.001,"{'model__eta': 0.1, 'model__gamma': 10, 'model__lambda': 0.001}",0.4371118732041894,0.4604027774573808
13,0.43674112522013164,0.0,0.4599644743823387,0.0,315.5790021419525,0.0,1.4401500225067139,0.0,0.1,10,0.0001,"{'model__eta': 0.1, 'model__gamma': 10, 'model__lambda': 0.0001}",0.43674112522013164,0.4599644743823387
14,0.435814255259987,0.0,0.45710397010311654,0.0,305.1299500465393,0.0,1.2895503044128418,0.0,0.1,10,1,"{'model__eta': 0.1, 'model__gamma': 10, 'model__lambda': 1}",0.435814255259987,0.45710397010311654
15,0.4352581332839003,0.0,0.4577037532584373,0.0,312.2688572406769,0.0,1.3723297119140625,0.0,0.1,10,0.1,"{'model__eta': 0.1, 'model__gamma': 10, 'model__lambda': 0.1}",0.4352581332839003,0.4577037532584373
16,0.43358976735564,0.0,0.45604281528985674,0.0,316.28810811042786,0.0,1.413219928741455,0.0,0.1,10,0.01,"{'model__eta': 0.1, 'model__gamma': 10, 'model__lambda': 0.01}",0.43358976735564,0.45604281528985674
17,0.4306237834831772,5.551115123125783e-17,0.8937230385937391,0.0,300.17719531059265,0.0,2.29286789894104,0.0,1,0,0.0001,"{'model__eta': 1, 'model__gamma': 0, 'model__lambda': 0.0001}",0.43062378348317726,0.8937230385937391
18,0.43043840949114837,0.0,0.8930771182726245,0.0,301.6552526950836,0.0,2.1741740703582764,0.0,1,0,0.01,"{'model__eta': 1, 'model__gamma': 0, 'model__lambda': 0.01}",0.43043840949114837,0.8930771182726245
19,0.4303457224951339,0.0,0.9053265357909063,0.0,298.22940397262573,0.0,2.134291887283325,0.0,1,0,0.1,"{'model__eta': 1, 'model__gamma': 0, 'model__lambda': 0.1}",0.4303457224951339,0.9053265357909063
20,0.42960422652701824,0.0,0.44995270940506127,0.0,289.3451645374298,0.0,2.3876147270202637,0.0,1,0,10000,"{'model__eta': 1, 'model__gamma': 0, 'model__lambda': 10000}",0.42960422652701824,0.44995270940506127
21,0.4293261655389749,0.0,0.897206394611179,0.0,299.29555344581604,0.0,3.045853614807129,0.0,1,0,0.001,"{'model__eta': 1, 'model__gamma': 0, 'model__lambda': 0.001}",0.4293261655389749,0.897206394611179
22,0.42895541755491706,0.0,0.44469307250455603,0.0,300.65092277526855,0.0,1.3553757667541504,0.0,0.1,10,10,"{'model__eta': 0.1, 'model__gamma': 10, 'model__lambda': 10}",0.42895541755491706,0.44469307250455603
23,0.4263601816665123,5.551115123125783e-17,0.44999884657085515,0.0,299.71642804145813,0.0,0.8537173271179199,0.0,1,10,10,"{'model__eta': 1, 'model__gamma': 10, 'model__lambda': 10}",0.42636018166651224,0.44999884657085515
24,0.4252479377143386,0.0,0.4430552031188724,0.0,303.88128876686096,0.0,1.5957329273223877,0.0,0.01,10,0.1,"{'model__eta': 0.01, 'model__gamma': 10, 'model__lambda': 0.1}",0.4252479377143386,0.4430552031188724
25,0.4249698767262953,0.0,0.4516367159565388,0.0,303.3347518444061,0.0,2.5781044960021973,0.0,0.01,0,0.1,"{'model__eta': 0.01, 'model__gamma': 0, 'model__lambda': 0.1}",0.4249698767262953,0.4516367159565388
25,0.4249698767262953,0.0,0.44317054603335715,0.0,324.9349808692932,0.0,2.158228635787964,0.0,0.01,10,0.0001,"{'model__eta': 0.01, 'model__gamma': 10, 'model__lambda': 0.0001}",0.4249698767262953,0.44317054603335715
27,0.42469181573825193,0.0,0.44347043761101756,0.0,315.9849183559418,0.0,1.5209321975708008,0.0,0.01,10,0.01,"{'model__eta': 0.01, 'model__gamma': 10, 'model__lambda': 0.01}",0.42469181573825193,0.44347043761101756
28,0.42441375475020854,0.0,0.44326282036494496,0.0,316.6970133781433,0.0,1.4301745891571045,0.0,0.01,10,0.001,"{'model__eta': 0.01, 'model__gamma': 10, 'model__lambda': 0.001}",0.42441375475020854,0.44326282036494496
29,0.4243210677541941,0.0,0.45230570486055044,0.0,311.8928635120392,0.0,2.47737455368042,0.0,0.01,0,0.001,"{'model__eta': 0.01, 'model__gamma': 0, 'model__lambda': 0.001}",0.4243210677541941,0.45230570486055044
30,0.42422838075817965,0.0,0.4521672933631687,0.0,321.7375338077545,0.0,2.774580240249634,0.0,0.01,0,0.0001,"{'model__eta': 0.01, 'model__gamma': 0, 'model__lambda': 0.0001}",0.42422838075817965,0.4521672933631687
31,0.4240430067661507,0.0,0.4522134305289626,0.0,315.3206944465637,0.0,2.359689474105835,0.0,0.01,0,0.01,"{'model__eta': 0.01, 'model__gamma': 0, 'model__lambda': 0.01}",0.4240430067661507,0.4522134305289626
32,0.42395031977013625,0.0,0.43811852637892457,0.0,304.08773589134216,0.0,0.7140908241271973,0.0,1,10,100,"{'model__eta': 1, 'model__gamma': 10, 'model__lambda': 100}",0.42395031977013625,0.43811852637892457
33,0.4237649457781073,0.0,0.4487070059286258,0.0,295.2533640861511,0.0,2.149251937866211,0.0,0.01,0,1,"{'model__eta': 0.01, 'model__gamma': 0, 'model__lambda': 1}",0.4237649457781073,0.4487070059286258
34,0.4229307628139772,0.0,0.43468130752727857,0.0,298.8477506637573,0.0,1.1269862651824951,0.0,0.1,10,100,"{'model__eta': 0.1, 'model__gamma': 10, 'model__lambda': 100}",0.4229307628139772,0.43468130752727857
35,0.42265270182593384,0.0,0.4391566126092874,0.0,297.5691714286804,0.0,1.7463295459747314,0.0,0.01,10,1,"{'model__eta': 0.01, 'model__gamma': 10, 'model__lambda': 1}",0.42265270182593384,0.4391566126092874
36,0.42052090091760125,0.0,0.436434519827447,0.0,295.3421263694763,0.0,2.1173365116119385,0.0,0.1,0,1000,"{'model__eta': 0.1, 'model__gamma': 0, 'model__lambda': 1000}",0.42052090091760125,0.436434519827447
37,0.4199647789415145,0.0,0.4372880573946342,0.0,299.9328496456146,0.0,1.6745200157165527,0.0,0.01,0,10,"{'model__eta': 0.01, 'model__gamma': 0, 'model__lambda': 10}",0.4199647789415145,0.4372880573946342
38,0.41987209194550007,0.0,0.4371496458972525,0.0,315.305734872818,0.0,3.6691863536834717,0.0,0.001,0,0.0001,"{'model__eta': 0.001, 'model__gamma': 0, 'model__lambda': 0.0001}",0.41987209194550007,0.4371496458972525
38,0.41987209194550007,0.0,0.4371265773143556,0.0,312.5720465183258,0.0,4.523900508880615,0.0,0.001,0,0.001,"{'model__eta': 0.001, 'model__gamma': 0, 'model__lambda': 0.001}",0.41987209194550007,0.4371265773143556
40,0.41977940494948557,0.0,0.43701123439987083,0.0,315.4393780231476,0.0,5.374626874923706,0.0,0.001,0,0.01,"{'model__eta': 0.001, 'model__gamma': 0, 'model__lambda': 0.01}",0.41977940494948557,0.43701123439987083
41,0.41950134396144223,0.0,0.43574246234053843,0.0,313.701025724411,0.0,1.7263834476470947,0.0,0.001,10,0.0001,"{'model__eta': 0.001, 'model__gamma': 10, 'model__lambda': 0.0001}",0.41950134396144223,0.43574246234053843
41,0.41950134396144223,0.0,0.43574246234053843,0.0,314.3971643447876,0.0,2.0295722484588623,0.0,0.001,10,0.001,"{'model__eta': 0.001, 'model__gamma': 10, 'model__lambda': 0.001}",0.41950134396144223,0.43574246234053843
41,0.41950134396144223,0.0,0.43562711942605364,0.0,323.9087257385254,0.0,1.4461312294006348,0.0,0.001,10,0.01,"{'model__eta': 0.001, 'model__gamma': 10, 'model__lambda': 0.01}",0.41950134396144223,0.43562711942605364
44,0.41940865696542773,0.0,0.4616254123509193,0.0,298.638308763504,0.0,0.8297815322875977,0.0,1,10,1,"{'model__eta': 1, 'model__gamma': 10, 'model__lambda': 1}",0.41940865696542773,0.4616254123509193
45,0.4193159699694133,0.0,0.43537336501418716,0.0,295.9874005317688,0.0,1.6196701526641846,0.0,0.001,10,0.1,"{'model__eta': 0.001, 'model__gamma': 10, 'model__lambda': 0.1}",0.4193159699694133,0.43537336501418716
46,0.41903790898136983,0.0,0.4367805485709013,0.0,298.3032076358795,0.0,1.8380839824676514,0.0,0.001,0,0.1,"{'model__eta': 0.001, 'model__gamma': 0, 'model__lambda': 0.1}",0.41903790898136983,0.4367805485709013
47,0.4182964130132543,0.0,0.4289833675517313,0.0,295.53361320495605,0.0,1.67153000831604,0.0,0.01,10,10,"{'model__eta': 0.01, 'model__gamma': 10, 'model__lambda': 10}",0.4182964130132543,0.4289833675517313
48,0.4178329780331819,0.0,0.4327896837297285,0.0,296.21579098701477,0.0,2.1841583251953125,0.0,0.001,0,1,"{'model__eta': 0.001, 'model__gamma': 0, 'model__lambda': 1}",0.4178329780331819,0.4327896837297285
48,0.4178329780331819,0.0,0.43004452236499113,0.0,300.14528012275696,0.0,1.2955350875854492,0.0,0.001,10,1,"{'model__eta': 0.001, 'model__gamma': 10, 'model__lambda': 1}",0.4178329780331819,0.43004452236499113
50,0.41736954305310975,5.551115123125783e-17,0.433020369558698,0.0,305.0731031894684,0.0,1.926844835281372,0.0,0.0001,10,0.01,"{'model__eta': 0.0001, 'model__gamma': 10, 'model__lambda': 0.01}",0.4173695430531097,0.433020369558698
51,0.4172768560570952,0.0,0.4330895753073889,0.0,306.9361193180084,0.0,1.5628209114074707,0.0,0.0001,10,0.0001,"{'model__eta': 0.0001, 'model__gamma': 10, 'model__lambda': 0.0001}",0.4172768560570952,0.4330895753073889
51,0.4172768560570952,0.0,0.4330895753073889,0.0,304.23434472084045,0.0,1.675518274307251,0.0,0.0001,10,0.001,"{'model__eta': 0.0001, 'model__gamma': 10, 'model__lambda': 0.001}",0.4172768560570952,0.4330895753073889
53,0.4167207340810085,0.0,0.4335509469653279,0.0,307.94342589378357,0.0,3.0518388748168945,0.0,0.0001,0,0.0001,"{'model__eta': 0.0001, 'model__gamma': 0, 'model__lambda': 0.0001}",0.4167207340810085,0.4335509469653279
53,0.4167207340810085,0.0,0.4335509469653279,0.0,303.8503727912903,0.0,2.363677978515625,0.0,0.0001,0,0.001,"{'model__eta': 0.0001, 'model__gamma': 0, 'model__lambda': 0.001}",0.4167207340810085,0.4335509469653279
53,0.4167207340810085,0.0,0.43352787838243095,0.0,309.2648913860321,0.0,2.9540998935699463,0.0,0.0001,0,0.01,"{'model__eta': 0.0001, 'model__gamma': 0, 'model__lambda': 0.01}",0.4167207340810085,0.43352787838243095
56,0.41644267309296507,0.0,0.43235138065468637,0.0,284.90902972221375,0.0,1.5249223709106445,0.0,0.0001,10,0.1,"{'model__eta': 0.0001, 'model__gamma': 10, 'model__lambda': 0.1}",0.41644267309296507,0.43235138065468637
57,0.41505236815274815,0.0,0.4329973009758011,0.0,289.72913885116577,0.0,4.33440899848938,0.0,0.0001,0,0.1,"{'model__eta': 0.0001, 'model__gamma': 0, 'model__lambda': 0.1}",0.41505236815274815,0.4329973009758011
58,0.41495968115673365,0.0,0.4286834759740709,0.0,281.62580919265747,0.0,2.6319613456726074,0.0,0.0001,10,1,"{'model__eta': 0.0001, 'model__gamma': 10, 'model__lambda': 1}",0.41495968115673365,0.4286834759740709
59,0.4147743071647048,0.0,0.430113728113682,0.0,290.0153737068176,0.0,3.382953643798828,0.0,0.0001,0,1,"{'model__eta': 0.0001, 'model__gamma': 0, 'model__lambda': 1}",0.4147743071647048,0.430113728113682
60,0.41115951432014086,0.0,0.42063254054303445,0.0,273.7119743824005,0.0,0.5844376087188721,0.0,1,100,0.1,"{'model__eta': 1, 'model__gamma': 100, 'model__lambda': 0.1}",0.41115951432014086,0.42063254054303445
61,0.4104180183520253,0.0,0.4190869454889386,0.0,298.2772753238678,0.0,0.7180800437927246,0.0,1,10,1000,"{'model__eta': 1, 'model__gamma': 10, 'model__lambda': 1000}",0.4104180183520253,0.4190869454889386
62,0.41032533135601074,0.0,0.4935753996631987,0.0,295.8966419696808,0.0,1.1638879776000977,0.0,1,10,0.001,"{'model__eta': 1, 'model__gamma': 10, 'model__lambda': 0.001}",0.41032533135601074,0.4935753996631987
63,0.4099545833719529,0.0,0.42330849615908095,0.0,297.52728247642517,0.0,2.0106234550476074,0.0,0.001,0,10,"{'model__eta': 0.001, 'model__gamma': 0, 'model__lambda': 10}",0.4099545833719529,0.42330849615908095
64,0.40884233941977943,0.0,0.4210016378693857,0.0,298.3061981201172,0.0,1.4311726093292236,0.0,0.001,10,10,"{'model__eta': 0.001, 'model__gamma': 10, 'model__lambda': 10}",0.40884233941977943,0.4210016378693857
65,0.40810084345166375,0.0,0.4764123739878659,0.0,294.91925621032715,0.0,0.792879581451416,0.0,1,10,0.1,"{'model__eta': 1, 'model__gamma': 10, 'model__lambda': 0.1}",0.40810084345166375,0.4764123739878659
66,0.4075447214755769,0.0,0.4884541742600752,0.0,300.4664218425751,0.0,0.9005918502807617,0.0,1,10,0.01,"{'model__eta': 1, 'model__gamma': 10, 'model__lambda': 0.01}",0.4075447214755769,0.4884541742600752
67,0.40698859949949023,0.0,0.4852015040716049,0.0,294.98308658599854,0.0,0.980377197265625,0.0,1,10,0.0001,"{'model__eta': 1, 'model__gamma': 10, 'model__lambda': 0.0001}",0.40698859949949023,0.4852015040716049
68,0.4068959125034758,0.0,0.41585734388336526,0.0,289.4957618713379,0.0,1.147930383682251,0.0,0.1,10,1000,"{'model__eta': 0.1, 'model__gamma': 10, 'model__lambda': 1000}",0.4068959125034758,0.41585734388336526
69,0.406525164519418,0.0,0.4202634432166832,0.0,287.7384612560272,0.0,1.8690013885498047,0.0,0.0001,0,10,"{'model__eta': 0.0001, 'model__gamma': 0, 'model__lambda': 10}",0.406525164519418,0.4202634432166832
70,0.4061544165353601,5.551115123125783e-17,0.4176797619322245,0.0,269.86227202415466,0.0,0.47871899604797363,0.0,1,100,1,"{'model__eta': 1, 'model__gamma': 100, 'model__lambda': 1}",0.40615441653536005,0.4176797619322245
71,0.4055982945592733,0.0,0.42169369535629425,0.0,296.38433837890625,0.0,0.8387584686279297,0.0,1,100,0.001,"{'model__eta': 1, 'model__gamma': 100, 'model__lambda': 0.001}",0.4055982945592733,0.42169369535629425
72,0.4044860506070998,0.0,0.4180488592585757,0.0,290.5629086494446,0.0,1.5139517784118652,0.0,0.0001,10,10,"{'model__eta': 0.0001, 'model__gamma': 10, 'model__lambda': 10}",0.4044860506070998,0.4180488592585757
73,0.402910371674854,0.0,0.4122355763685437,0.0,310.50956106185913,0.0,0.9594333171844482,0.0,0.0001,100,0.0001,"{'model__eta': 0.0001, 'model__gamma': 100, 'model__lambda': 0.0001}",0.402910371674854,0.4122355763685437
73,0.402910371674854,0.0,0.4122355763685437,0.0,308.5168924331665,0.0,0.8846323490142822,0.0,0.0001,100,0.001,"{'model__eta': 0.0001, 'model__gamma': 100, 'model__lambda': 0.001}",0.402910371674854,0.4122355763685437
73,0.402910371674854,0.0,0.4122355763685437,0.0,301.9863557815552,0.0,1.1190087795257568,0.0,0.0001,100,0.01,"{'model__eta': 0.0001, 'model__gamma': 100, 'model__lambda': 0.01}",0.402910371674854,0.4122355763685437
73,0.402910371674854,0.0,0.4119356847908833,0.0,288.0715708732605,0.0,0.9843673706054688,0.0,0.0001,100,1,"{'model__eta': 0.0001, 'model__gamma': 100, 'model__lambda': 1}",0.402910371674854,0.4119356847908833
77,0.40281768467883955,0.0,0.4119356847908833,0.0,295.42290925979614,0.0,1.1858305931091309,0.0,0.0001,100,0.1,"{'model__eta': 0.0001, 'model__gamma': 100, 'model__lambda': 0.1}",0.40281768467883955,0.4119356847908833
78,0.4024469366947817,0.0,0.40960575791829107,0.0,290.3983483314514,0.0,0.8317756652832031,0.0,0.001,100,0.1,"{'model__eta': 0.001, 'model__gamma': 100, 'model__lambda': 0.1}",0.4024469366947817,0.40960575791829107
78,0.4024469366947817,0.0,0.41717225310849154,0.0,290.26969170570374,0.0,1.8859572410583496,0.0,0.01,0,100,"{'model__eta': 0.01, 'model__gamma': 0, 'model__lambda': 100}",0.4024469366947817,0.41717225310849154
80,0.40235424969876726,0.0,0.40962882650118804,0.0,311.8180630207062,0.0,1.3254544734954834,0.0,0.001,100,0.0001,"{'model__eta': 0.001, 'model__gamma': 100, 'model__lambda': 0.0001}",0.40235424969876726,0.40962882650118804
80,0.40235424969876726,0.0,0.40962882650118804,0.0,314.2116618156433,0.0,1.0342342853546143,0.0,0.001,100,0.001,"{'model__eta': 0.001, 'model__gamma': 100, 'model__lambda': 0.001}",0.40235424969876726,0.40962882650118804
80,0.40235424969876726,0.0,0.40962882650118804,0.0,309.802453994751,0.0,0.90458083152771,0.0,0.001,100,0.01,"{'model__eta': 0.001, 'model__gamma': 100, 'model__lambda': 0.01}",0.40235424969876726,0.40962882650118804
83,0.4014273797386227,0.0,0.40949041500380634,0.0,291.3508002758026,0.0,0.8577070236206055,0.0,0.001,100,1,"{'model__eta': 0.001, 'model__gamma': 100, 'model__lambda': 1}",0.4014273797386227,0.40949041500380634
84,0.39920289183427565,0.0,0.41191261620798636,0.0,294.9182605743408,0.0,1.559828281402588,0.0,0.01,10,100,"{'model__eta': 0.01, 'model__gamma': 10, 'model__lambda': 100}",0.39920289183427565,0.41191261620798636
85,0.39846139586616,0.0,0.4151652863964567,0.0,297.5601954460144,0.0,0.7110977172851562,0.0,1,100,0.0001,"{'model__eta': 1, 'model__gamma': 100, 'model__lambda': 0.0001}",0.39846139586616,0.4151652863964567
86,0.3979052738900733,0.0,0.404784424092828,0.0,262.6874587535858,0.0,0.505648136138916,0.0,1,100,10,"{'model__eta': 1, 'model__gamma': 100, 'model__lambda': 10}",0.3979052738900733,0.404784424092828
87,0.39577347298174065,5.551115123125783e-17,0.40552261874553047,0.0,294.7417314052582,0.0,0.8327734470367432,0.0,0.001,100,10,"{'model__eta': 0.001, 'model__gamma': 100, 'model__lambda': 10}",0.3957734729817407,0.40552261874553047
88,0.39512466400963947,5.551115123125783e-17,0.40208539989388453,0.0,324.20992040634155,0.0,0.9474663734436035,0.0,0.01,100,0.0001,"{'model__eta': 0.01, 'model__gamma': 100, 'model__lambda': 0.0001}",0.3951246640096394,0.40208539989388453
88,0.39512466400963947,5.551115123125783e-17,0.40208539989388453,0.0,319.23223400115967,0.0,0.9763884544372559,0.0,0.01,100,0.001,"{'model__eta': 0.01, 'model__gamma': 100, 'model__lambda': 0.001}",0.3951246640096394,0.40208539989388453
88,0.39512466400963947,5.551115123125783e-17,0.40208539989388453,0.0,316.06969141960144,0.0,1.0990612506866455,0.0,0.01,100,0.01,"{'model__eta': 0.01, 'model__gamma': 100, 'model__lambda': 0.01}",0.3951246640096394,0.40208539989388453
91,0.39503197701362497,0.0,0.40206233131098756,0.0,308.93078446388245,0.0,1.202784538269043,0.0,0.01,100,0.1,"{'model__eta': 0.01, 'model__gamma': 100, 'model__lambda': 0.1}",0.39503197701362497,0.40206233131098756
92,0.3945685420335527,0.0,0.4014625481556668,0.0,292.2773323059082,0.0,0.8965926170349121,0.0,0.01,100,1,"{'model__eta': 0.01, 'model__gamma': 100, 'model__lambda': 1}",0.3945685420335527,0.4014625481556668
92,0.3945685420335527,0.0,0.4029620060439687,0.0,286.33720874786377,0.0,0.7479989528656006,0.0,1,10,10000,"{'model__eta': 1, 'model__gamma': 10, 'model__lambda': 10000}",0.3945685420335527,0.4029620060439687
94,0.3943831680415238,0.0,0.4044383953493737,0.0,287.07024669647217,0.0,0.8676800727844238,0.0,0.0001,100,10,"{'model__eta': 0.0001, 'model__gamma': 100, 'model__lambda': 10}",0.3943831680415238,0.4044383953493737
95,0.393827046065437,0.0,0.4053842072481488,0.0,292.42093896865845,0.0,1.9378180503845215,0.0,0.001,0,100,"{'model__eta': 0.001, 'model__gamma': 0, 'model__lambda': 100}",0.393827046065437,0.4053842072481488
96,0.3931782370933358,0.0,0.40245449722023574,0.0,261.65222787857056,0.0,0.43483805656433105,0.0,1,100,100,"{'model__eta': 1, 'model__gamma': 100, 'model__lambda': 100}",0.3931782370933358,0.40245449722023574
97,0.3912318101770322,0.0,0.39811760363560866,0.0,295.07085132598877,0.0,0.8038496971130371,0.0,0.01,100,10,"{'model__eta': 0.01, 'model__gamma': 100, 'model__lambda': 10}",0.3912318101770322,0.39811760363560866
98,0.3897488182408008,0.0,0.39823294655009345,0.0,291.65199518203735,0.0,1.3184759616851807,0.0,0.001,10,100,"{'model__eta': 0.001, 'model__gamma': 10, 'model__lambda': 100}",0.3897488182408008,0.39823294655009345
99,0.389378070256743,0.0,0.39853283812775386,0.0,272.99489188194275,0.0,1.593738317489624,0.0,0.0001,0,100,"{'model__eta': 0.0001, 'model__gamma': 0, 'model__lambda': 100}",0.389378070256743,0.39853283812775386
100,0.38872926128464175,0.0,0.3972179289026275,0.0,280.666375875473,0.0,1.2656147480010986,0.0,0.0001,10,100,"{'model__eta': 0.0001, 'model__gamma': 10, 'model__lambda': 100}",0.38872926128464175,0.3972179289026275
101,0.3886365742886273,0.0,0.3965028028328219,0.0,305.48500061035156,0.0,0.6482653617858887,0.0,0.1,100,1,"{'model__eta': 0.1, 'model__gamma': 100, 'model__lambda': 1}",0.3886365742886273,0.3965028028328219
102,0.3883585133005839,0.0,0.39671042007889457,0.0,317.5617001056671,0.0,0.8108327388763428,0.0,0.1,100,0.0001,"{'model__eta': 0.1, 'model__gamma': 100, 'model__lambda': 0.0001}",0.3883585133005839,0.39671042007889457
102,0.3883585133005839,0.0,0.39671042007889457,0.0,312.1870753765106,0.0,0.6462714672088623,0.0,0.1,100,0.001,"{'model__eta': 0.1, 'model__gamma': 100, 'model__lambda': 0.001}",0.3883585133005839,0.39671042007889457
102,0.3883585133005839,0.0,0.39671042007889457,0.0,314.9058039188385,0.0,0.8457381725311279,0.0,0.1,100,0.01,"{'model__eta': 0.1, 'model__gamma': 100, 'model__lambda': 0.01}",0.3883585133005839,0.39671042007889457
102,0.3883585133005839,0.0,0.39671042007889457,0.0,308.75824546813965,0.0,0.7041168212890625,0.0,0.1,100,0.1,"{'model__eta': 0.1, 'model__gamma': 100, 'model__lambda': 0.1}",0.3883585133005839,0.39671042007889457
102,0.3883585133005839,0.0,0.3958568825117073,0.0,299.01829385757446,0.0,0.6911523342132568,0.0,0.1,100,10,"{'model__eta': 0.1, 'model__gamma': 100, 'model__lambda': 10}",0.3883585133005839,0.3958568825117073
107,0.3875243303364538,0.0,0.3962259798380585,0.0,283.6085057258606,0.0,2.1033763885498047,0.0,0.1,0,10000,"{'model__eta': 0.1, 'model__gamma': 0, 'model__lambda': 10000}",0.3875243303364538,0.3962259798380585
107,0.3875243303364538,0.0,0.39465731620106576,0.0,297.60108399391174,0.0,0.9115631580352783,0.0,0.1,100,100,"{'model__eta': 0.1, 'model__gamma': 100, 'model__lambda': 100}",0.3875243303364538,0.39465731620106576
109,0.3860413384002224,0.0,0.39442663037209624,0.0,283.2444806098938,0.0,0.9424798488616943,0.0,0.0001,100,100,"{'model__eta': 0.0001, 'model__gamma': 100, 'model__lambda': 100}",0.3860413384002224,0.39442663037209624
109,0.3860413384002224,0.0,0.3940113958799511,0.0,288.978147983551,0.0,0.9305105209350586,0.0,0.001,100,100,"{'model__eta': 0.001, 'model__gamma': 100, 'model__lambda': 100}",0.3860413384002224,0.3940113958799511
111,0.3852071554360923,0.0,0.3905049712796143,0.0,291.05259799957275,0.0,0.9325070381164551,0.0,0.01,100,100,"{'model__eta': 0.01, 'model__gamma': 100, 'model__lambda': 100}",0.3852071554360923,0.3905049712796143
112,0.3848364074520344,0.0,0.3926964866548248,0.0,258.75099658966064,0.0,0.3799734115600586,0.0,1,100,1000,"{'model__eta': 1, 'model__gamma': 100, 'model__lambda': 1000}",0.3848364074520344,0.3926964866548248
113,0.3845583464639911,0.0,0.38916699347159106,0.0,282.37380862236023,0.0,1.0272538661956787,0.0,0.1,10,10000,"{'model__eta': 0.1, 'model__gamma': 10, 'model__lambda': 10000}",0.3845583464639911,0.38916699347159106
114,0.38335341551580315,0.0,0.3884980045675794,0.0,280.3282799720764,0.0,1.5508530139923096,0.0,0.01,0,1000,"{'model__eta': 0.01, 'model__gamma': 0, 'model__lambda': 1000}",0.38335341551580315,0.3884980045675794
115,0.38279729353971637,0.0,0.39013587395326305,0.0,262.6485638618469,0.0,1.5618219375610352,0.0,0.0001,0,1000,"{'model__eta': 0.0001, 'model__gamma': 0, 'model__lambda': 1000}",0.38279729353971637,0.39013587395326305
116,0.38224117156362963,0.0,0.3875521926688043,0.0,290.8272006511688,0.0,0.6233329772949219,0.0,0.1,100,1000,"{'model__eta': 0.1, 'model__gamma': 100, 'model__lambda': 1000}",0.38224117156362963,0.3875521926688043
117,0.38214848456761524,0.0,0.3877598099148769,0.0,277.2644736766815,0.0,1.6047072410583496,0.0,0.001,0,1000,"{'model__eta': 0.001, 'model__gamma': 0, 'model__lambda': 1000}",0.38214848456761524,0.3877598099148769
117,0.38214848456761524,0.0,0.3870446838450714,0.0,279.4336712360382,0.0,1.4072377681732178,0.0,0.01,10,1000,"{'model__eta': 0.01, 'model__gamma': 10, 'model__lambda': 1000}",0.38214848456761524,0.3870446838450714
119,0.38122161460747056,0.0,0.38706775242796837,0.0,272.9340546131134,0.0,0.9384911060333252,0.0,0.001,10,1000,"{'model__eta': 0.001, 'model__gamma': 10, 'model__lambda': 1000}",0.38122161460747056,0.38706775242796837
120,0.38103624061544167,0.0,0.3884057302359916,0.0,274.66742038726807,0.0,0.982372522354126,0.0,0.0001,10,1000,"{'model__eta': 0.0001, 'model__gamma': 10, 'model__lambda': 1000}",0.38103624061544167,0.3884057302359916
121,0.3789971267031236,0.0,0.38386121940529194,0.0,271.9646475315094,0.0,0.9225330352783203,0.0,0.0001,100,1000,"{'model__eta': 0.0001, 'model__gamma': 100, 'model__lambda': 1000}",0.3789971267031236,0.38386121940529194
121,0.3789971267031236,0.0,0.38386121940529194,0.0,274.3532598018646,0.0,1.0671460628509521,0.0,0.001,100,1000,"{'model__eta': 0.001, 'model__gamma': 100, 'model__lambda': 1000}",0.3789971267031236,0.38386121940529194
121,0.3789971267031236,0.0,0.38386121940529194,0.0,276.37684750556946,0.0,0.7220706939697266,0.0,0.01,100,1000,"{'model__eta': 0.01, 'model__gamma': 100, 'model__lambda': 1000}",0.3789971267031236,0.38386121940529194
124,0.37853369172305124,0.0,0.38326143624997117,0.0,229.6009464263916,0.0,0.36901187896728516,0.0,1,100,10000,"{'model__eta': 1, 'model__gamma': 100, 'model__lambda': 10000}",0.37853369172305124,0.38326143624997117
125,0.3713967930299379,0.0,0.37428775750305665,0.0,280.59456729888916,0.0,0.636298418045044,0.0,0.1,100,10000,"{'model__eta': 0.1, 'model__gamma': 100, 'model__lambda': 10000}",0.3713967930299379,0.37428775750305665
126,0.34609324311799056,0.0,0.3459826062884957,0.0,264.17049264907837,0.0,1.565812349319458,0.0,0.01,0,10000,"{'model__eta': 0.01, 'model__gamma': 0, 'model__lambda': 10000}",0.34609324311799056,0.3459826062884957
127,0.3453517471498749,0.0,0.3445754227317816,0.0,250.23875093460083,0.0,1.3713328838348389,0.0,0.0001,0,10000,"{'model__eta': 0.0001, 'model__gamma': 0, 'model__lambda': 10000}",0.3453517471498749,0.3445754227317816
127,0.3453517471498749,0.0,0.3445754227317816,0.0,261.31811928749084,0.0,1.4850282669067383,0.0,0.001,0,10000,"{'model__eta': 0.001, 'model__gamma': 0, 'model__lambda': 10000}",0.3453517471498749,0.3445754227317816
129,0.3441468162016869,0.0,0.3442755311541212,0.0,266.31077003479004,0.0,1.0940728187561035,0.0,0.01,10,10000,"{'model__eta': 0.01, 'model__gamma': 10, 'model__lambda': 10000}",0.3441468162016869,0.3442755311541212
130,0.34275651126147,0.0,0.3426376617684376,0.0,259.01727390289307,0.0,0.7021229267120361,0.0,0.0001,10,10000,"{'model__eta': 0.0001, 'model__gamma': 10, 'model__lambda': 10000}",0.34275651126147,0.3426376617684376
130,0.34275651126147,0.0,0.3426376617684376,0.0,253.81817936897278,0.0,0.6871621608734131,0.0,0.0001,100,10000,"{'model__eta': 0.0001, 'model__gamma': 100, 'model__lambda': 10000}",0.34275651126147,0.3426376617684376
130,0.34275651126147,0.0,0.3426376617684376,0.0,260.64990854263306,0.0,0.8876259326934814,0.0,0.001,10,10000,"{'model__eta': 0.001, 'model__gamma': 10, 'model__lambda': 10000}",0.34275651126147,0.3426376617684376
130,0.34275651126147,0.0,0.3426376617684376,0.0,255.61836552619934,0.0,0.7509911060333252,0.0,0.001,100,10000,"{'model__eta': 0.001, 'model__gamma': 100, 'model__lambda': 10000}",0.34275651126147,0.3426376617684376
130,0.34275651126147,0.0,0.3426376617684376,0.0,262.8978958129883,0.0,0.6143577098846436,0.0,0.01,100,10000,"{'model__eta': 0.01, 'model__gamma': 100, 'model__lambda': 10000}",0.34275651126147,0.3426376617684376
135,0.19788673649087032,2.7755575615628914e-17,0.2010657685298392,0.0,209.03395247459412,0.0,1.0491938591003418,0.0,1,100,0.01,"{'model__eta': 1, 'model__gamma': 100, 'model__lambda': 0.01}",0.19788673649087035,0.2010657685298392
